TAM AMOSTRA,TEMPO,SPECS_ID
100,267,1
1000,1337,1
10000,11183,1
100,178,1
1000,940,1
10000,11280,1
100,293,1
1000,1387,1
10000,14844,1
100,107,1
1000,1217,1
10000,10596,1
100,121,1
1000,1451,1
10000,12976,1
100,284,1
1000,1286,1
10000,15041,1
100,208,1
1000,2253,1
10000,11964,1
100,116,1
1000,1174,1
10000,17097,1
100,327,1
1000,1488,1
10000,10830,1
100,149,1
1000,1213,1
10000,11768,1
100,304,1
1000,1514,1
10000,11121,1
100,190,1
1000,1136,1
10000,11558,1
100,173,1
1000,1230,1
10000,11787,1
100,258,1
1000,2247,1
10000,17283,1
100,111,1
1000,1259,1
10000,13598,1
100,130,1
1000,1197,1
10000,10241,1
100,108,1
1000,997,1
10000,14956,1
100,142,1
1000,1337,1
10000,14704,1
100,134,1
1000,1253,1
10000,13279,1
100,293,1
1000,1699,1
10000,10675,1
100,219,1
1000,1374,1
10000,11153,1
100,112,1
1000,1174,1
10000,10826,1
100,123,1
1000,1445,1
10000,15335,1
100,136,1
1000,1245,1
10000,13339,1
100,122,1
1000,1075,1
10000,10350,1
100,215,1
1000,1293,1
10000,11776,1
100,435,1
1000,1735,1
10000,20766,1
100,157,1
1000,1344,1
10000,14744,1
100,291,1
1000,2058,1
10000,12296,1
100,109,1
1000,1192,1
10000,11110,1
100,147,1
1000,1232,1
10000,13331,1
100,228,1
1000,1576,1
10000,11015,1
100,179,1
1000,1518,1
10000,10381,1
100,136,1
1000,1161,1
10000,10658,1
100,301,1
1000,1143,1
10000,13563,1
100,162,1
1000,1223,1
10000,10583,1
100,115,1
1000,1051,1
10000,10764,1
100,224,1
1000,1310,1
10000,11577,1
100,164,1
1000,1801,1
10000,12500,1
100,156,1
1000,1755,1
10000,15026,1
100,273,1
1000,1146,1
10000,10695,1
100,122,1
1000,1063,1
10000,14663,1
100,131,1
1000,1083,1
10000,11010,1
100,123,1
1000,1131,1
10000,11863,1
100,291,1
1000,1294,1
10000,14750,1
100,216,1
1000,1223,1
10000,10716,1
100,211,1
1000,1251,1
10000,11461,1
100,106,1
1000,1146,1
10000,10842,1
100,138,1
1000,1187,1
10000,10972,1
100,147,1
1000,1105,1
10000,15356,1
100,313,1
1000,1177,1
10000,16629,1
100,306,1
1000,1345,1
10000,11329,1
100,116,1
1000,1132,1
10000,11550,1
100,119,1
1000,1132,1
10000,13255,1
100,123,1
1000,1211,1
10000,10481,1
100,299,1
1000,1458,1
10000,10856,1
100,148,1
1000,1262,1
10000,13991,1
100,299,1
1000,1342,1
10000,11230,1
100,134,1
1000,1185,1
10000,11593,1
100,130,1
1000,1178,1
10000,10552,1
100,182,1
1000,1151,1
10000,10586,1
100,107,1
1000,1106,1
10000,12344,1
100,114,1
1000,1141,1
10000,10320,1
100,251,1
1000,1265,1
10000,12627,1
100,149,1
1000,1062,1
10000,12436,1
100,270,1
1000,1468,1
10000,10835,1
100,98,1
1000,1012,1
10000,10672,1
100,189,1
1000,1150,1
10000,14922,1
100,123,1
1000,1069,1
10000,10480,1
100,126,1
1000,1158,1
10000,11887,1
100,120,1
1000,1091,1
10000,11440,1
100,128,1
1000,1133,1
10000,10520,1
100,195,1
1000,1585,1
10000,19995,1
100,268,1
1000,1685,1
10000,15565,1
100,276,1
1000,1813,1
10000,14712,1
100,121,1
1000,1085,1
10000,11931,1
100,132,1
1000,1145,1
10000,14173,1
100,119,1
1000,1056,1
10000,11819,1
100,148,1
1000,1306,1
10000,15535,1
100,122,1
1000,1094,1
10000,12722,1
100,118,1
1000,1127,1
10000,10140,1
100,102,1
1000,962,1
10000,13762,1
100,132,1
1000,1150,1
10000,14158,1
100,131,1
1000,1192,1
10000,11438,1
100,199,1
1000,1324,1
10000,10776,1
100,125,1
1000,1236,1
10000,12644,1
100,198,1
1000,1416,1
10000,12722,1
100,134,1
1000,1208,1
10000,13649,1
100,106,1
1000,960,1
10000,10332,1
100,238,1
1000,1247,1
10000,15151,1
100,168,1
1000,1148,1
10000,18947,1
100,120,1
1000,1174,1
10000,13126,1
100,157,1
1000,1237,1
10000,12574,1
100,167,1
1000,987,1
10000,12959,1
100,148,1
1000,1276,1
10000,11366,1
100,273,1
1000,1366,1
10000,13259,1
100,118,1
1000,1077,1
10000,11062,1
100,246,1
1000,1400,1
10000,10839,1
100,168,1
1000,1204,1
10000,12510,1
100,149,1
1000,1260,1
10000,11994,1
100,184,1
1000,1229,1
10000,14294,1
100,132,1
1000,1098,1
10000,10750,1
100,195,1
1000,1358,1
10000,10671,1
100,195,1
1000,1304,1
10000,14315,1
100,126,1
1000,1088,1
10000,11948,1
100,146,1
1000,1123,1
10000,10969,1
100,143,1
1000,1219,1
10000,11668,1
100,218,1
1000,1433,1
10000,10922,1
100,176,1
1000,1165,1
10000,12604,1
100,103,1
1000,1166,1
10000,11881,1
100,154,1
1000,1221,1
10000,14019,1
100,164,1
1000,1207,1
10000,11003,1
100,297,1
1000,1147,1
10000,13935,1
100,137,1
1000,1107,1
10000,10629,1
100,103,1
1000,1121,1
10000,11499,1
100,304,1
1000,2720,1
10000,15078,1
100,126,1
1000,1115,1
10000,13500,1
100,267,1
1000,1350,1
10000,10277,1
100,177,1
1000,1264,1
10000,13839,1
100,117,1
1000,1108,1
10000,10177,1
100,145,1
1000,1384,1
10000,19261,1
100,130,1
1000,1105,1
10000,11381,1
100,99,1
1000,846,1
10000,10044,1
100,241,1
1000,1596,1
10000,13201,1
100,120,1
1000,1035,1
10000,10217,1
100,124,1
1000,1145,1
10000,13532,1
100,114,1
1000,998,1
10000,12423,1
100,120,1
1000,1150,1
10000,11424,1
100,184,1
1000,1242,1
10000,11061,1
100,136,1
1000,1059,1
10000,13788,1
100,143,1
1000,1184,1
10000,14227,1
100,126,1
1000,1067,1
10000,11444,1
100,160,1
1000,1341,1
10000,11674,1
100,132,1
1000,1074,1
10000,10320,1
100,143,1
1000,1116,1
10000,14467,1
100,107,1
1000,1045,1
10000,11019,1
100,141,1
1000,1127,1
10000,15577,1
100,183,1
1000,1325,1
10000,10790,1
100,119,1
1000,1088,1
10000,13044,1
100,136,1
1000,968,1
10000,10825,1
100,315,1
1000,1618,1
10000,11863,1
100,197,1
1000,1246,1
10000,10572,1
100,124,1
1000,1212,1
10000,10543,1
100,110,1
1000,1061,1
10000,12615,1
100,141,1
1000,1196,1
10000,11432,1
100,299,1
1000,1220,1
10000,15368,1
100,107,1
1000,1065,1
10000,10930,1
100,126,1
1000,1151,1
10000,12110,1
100,88,1
1000,900,1
10000,11775,1
100,121,1
1000,993,1
10000,12976,1
100,255,1
1000,2031,1
10000,15198,1
100,126,1
1000,1321,1
10000,15166,1
100,211,1
1000,1192,1
10000,10518,1
100,129,1
1000,1105,1
10000,11303,1
100,166,1
1000,1207,1
10000,13442,1
100,136,1
1000,1203,1
10000,14273,1
100,85,1
1000,953,1
10000,13554,1
100,216,1
1000,1622,1
10000,11178,1
100,102,1
1000,945,1
10000,11321,1
100,96,1
1000,956,1
10000,10593,1
100,136,1
1000,1278,1
10000,15850,1
100,118,1
1000,1028,1
10000,17233,1
100,165,1
1000,1155,1
10000,11601,1
100,262,1
1000,1267,1
10000,16299,1
100,188,1
1000,1414,1
10000,18209,1
100,116,1
1000,1059,1
10000,11257,1
100,131,1
1000,1120,1
10000,10329,1
100,167,1
1000,1535,1
10000,10524,1
100,128,1
1000,1148,1
10000,10457,1
100,217,1
1000,2046,1
10000,10665,1
100,135,1
1000,1130,1
10000,12114,1
100,165,1
1000,1192,1
10000,14233,1
100,304,1
1000,1640,1
10000,14171,1
100,121,1
1000,1014,1
10000,11705,1
100,266,1
1000,1927,1
10000,17940,1
100,104,1
1000,1014,1
10000,10208,1
100,160,1
1000,1213,1
10000,14068,1
100,129,1
1000,1125,1
10000,10621,1
100,310,1
1000,1091,1
10000,10620,1
100,147,1
1000,1112,1
10000,10441,1
100,133,1
1000,1039,1
10000,10225,1
100,147,1
1000,1350,1
10000,15459,1
100,173,1
1000,1251,1
10000,10821,1
100,137,1
1000,1164,1
10000,11251,1
100,165,1
1000,1564,1
10000,14136,1
100,138,1
1000,1273,1
10000,11051,1
100,274,1
1000,1467,1
10000,15505,1
100,235,1
1000,1279,1
10000,15954,1
100,91,1
1000,952,1
10000,13448,1
100,297,1
1000,1336,1
10000,14990,1
100,129,1
1000,1070,1
10000,13039,1
100,117,1
1000,1054,1
10000,10618,1
100,119,1
1000,1090,1
10000,10233,1
100,205,1
1000,1244,1
10000,12853,1
100,200,1
1000,1228,1
10000,16652,1
100,122,1
1000,1055,1
10000,12467,1
100,186,1
1000,1240,1
10000,11499,1
100,137,1
1000,1186,1
10000,13368,1
100,141,1
1000,1227,1
10000,12967,1
100,145,1
1000,1139,1
10000,13715,1
100,102,1
1000,1099,1
10000,14528,1
100,138,1
1000,1101,1
10000,16900,1
100,91,1
1000,1022,1
10000,10486,1
100,125,1
1000,1114,1
10000,12415,1
100,95,1
1000,875,1
10000,12464,1
100,303,1
1000,1356,1
10000,12237,1
100,130,1
1000,1398,1
10000,14714,1
100,138,1
1000,1260,1
10000,12706,1
100,293,1
1000,1314,1
10000,11286,1
100,92,1
1000,938,1
10000,14254,1
100,149,1
1000,1183,1
10000,15315,1
100,135,1
1000,1229,1
10000,14466,1
100,258,1
1000,1339,1
10000,15659,1
100,138,1
1000,1219,1
10000,16630,1
100,98,1
1000,952,1
10000,12465,1
100,109,1
1000,1053,1
10000,13415,1
100,160,1
1000,1118,1
10000,13926,1
100,294,1
1000,1323,1
10000,11159,1
100,123,1
1000,1021,1
10000,10835,1
100,212,1
1000,1160,1
10000,14186,1
100,105,1
1000,1043,1
10000,11883,1
100,139,1
1000,1340,1
10000,10845,1
100,134,1
1000,1109,1
10000,11177,1
100,130,1
1000,1123,1
10000,10761,1
100,208,1
1000,1147,1
10000,14359,1
100,211,1
1000,1226,1
10000,11097,1
100,158,1
1000,1177,1
10000,10968,1
100,207,1
1000,1324,1
10000,14141,1
100,176,1
1000,1351,1
10000,12401,1
100,296,1
1000,1371,1
10000,13673,1
100,107,1
1000,1131,1
10000,16415,1
100,303,1
1000,1325,1
10000,11024,1
100,135,1
1000,1144,1
10000,10431,1
100,292,1
1000,1156,1
10000,11292,1
100,148,1
1000,1197,1
10000,12299,1
100,310,1
1000,1510,1
10000,14071,1
100,143,1
1000,1231,1
10000,10178,1
100,116,1
1000,1199,1
10000,11541,1
100,110,1
1000,1016,1
10000,16425,1
100,126,1
1000,1052,1
10000,10762,1
100,152,1
1000,1421,1
10000,11127,1
100,211,1
1000,1175,1
10000,10922,1
100,266,1
1000,1323,1
10000,10631,1
100,111,1
1000,1014,1
10000,11336,1
100,275,1
1000,1979,1
10000,10808,1
100,142,1
1000,1120,1
10000,11098,1
100,107,1
1000,991,1
10000,10876,1
100,134,1
1000,1110,1
10000,10729,1
100,109,1
1000,1023,1
10000,12860,1
100,135,1
1000,1148,1
10000,12343,1
100,94,1
1000,1027,1
10000,10424,1
100,353,1
1000,1514,1
10000,15404,1
100,276,1
1000,2001,1
10000,11143,1
100,114,1
1000,1322,1
10000,12986,1
100,108,1
1000,1246,1
10000,11657,1
100,159,1
1000,1354,1
10000,17071,1
100,130,1
1000,1196,1
10000,11500,1
100,296,1
1000,1182,1
10000,15728,1
100,322,1
1000,1824,1
10000,11648,1
100,207,1
1000,1152,1
10000,15677,1
100,135,1
1000,1406,1
10000,15674,1
100,113,1
1000,1128,1
10000,11186,1
100,146,1
1000,1132,1
10000,11206,1
100,115,1
1000,1028,1
10000,13679,1
100,86,1
1000,967,1
10000,11178,1
100,147,1
1000,1283,1
10000,16847,1
100,193,1
1000,1189,1
10000,10820,1
100,125,1
1000,1009,1
10000,10795,1
100,99,1
1000,953,1
10000,10938,1
100,164,1
1000,1121,1
10000,10437,1
100,108,1
1000,1153,1
10000,15919,1
100,91,1
1000,931,1
10000,10279,1
100,88,1
1000,1047,1
10000,13129,1
100,250,1
1000,1250,1
10000,10806,1
100,196,1
1000,1191,1
10000,15191,1
100,144,1
1000,1285,1
10000,11158,1
100,224,1
1000,1541,1
10000,12965,1
100,298,1
1000,1528,1
10000,14459,1
100,107,1
1000,1035,1
10000,11438,1
100,122,1
1000,1011,1
10000,13489,1
100,155,1
1000,1410,1
10000,10865,1
100,141,1
1000,1210,1
10000,10477,1
100,274,1
1000,1155,1
10000,12366,1
100,118,1
1000,1167,1
10000,10929,1
100,118,1
1000,1072,1
10000,10678,1
100,225,1
1000,1537,1
10000,12636,1
100,137,1
1000,1286,1
10000,11856,1
100,281,1
1000,1680,1
10000,39714,1
100,91,1
1000,942,1
10000,10825,1
100,120,1
1000,1049,1
10000,10473,1
100,270,1
1000,1563,1
10000,10992,1
100,134,1
1000,1115,1
10000,13176,1
100,301,1
1000,1920,1
10000,10604,1
100,116,1
1000,1052,1
10000,14323,1
100,105,1
1000,975,1
10000,15259,1
100,212,1
1000,1275,1
10000,12865,1
100,92,1
1000,1269,1
10000,10965,1
100,146,1
1000,1324,1
10000,10403,1
100,103,1
1000,944,1
10000,10659,1
100,98,1
1000,1083,1
10000,12834,1
100,101,1
1000,1058,1
10000,13062,1
100,226,1
1000,1502,1
10000,11598,1
100,179,1
1000,1347,1
10000,10883,1
100,125,1
1000,986,1
10000,10350,1
100,104,1
1000,964,1
10000,11162,1
100,256,1
1000,1145,1
10000,12890,1
100,215,1
1000,1603,1
10000,10635,1
100,133,1
1000,1236,1
10000,10540,1
100,246,1
1000,1392,1
10000,17369,1
100,121,1
1000,1059,1
10000,11578,1
100,143,1
1000,1795,1
10000,16541,1
100,107,1
1000,1325,1
10000,13409,1
100,101,1
1000,965,1
10000,11163,1
100,105,1
1000,943,1
10000,13314,1
100,269,1
1000,1476,1
10000,12263,1
100,143,1
1000,1204,1
10000,11520,1
100,141,1
1000,1085,1
10000,10358,1
100,99,1
1000,953,1
10000,10523,1
100,311,1
1000,1214,1
10000,11313,1
100,246,1
1000,1143,1
10000,11649,1
100,91,1
1000,924,1
10000,13264,1
100,145,1
1000,1158,1
10000,10290,1
100,146,1
1000,1163,1
10000,15292,1
100,189,1
1000,1168,1
10000,10677,1
100,142,1
1000,1198,1
10000,10796,1
100,130,1
1000,1145,1
10000,11574,1
100,113,1
1000,1260,1
10000,10635,1
100,196,1
1000,1148,1
10000,12672,1
100,131,1
1000,1177,1
10000,10626,1
100,106,1
1000,931,1
10000,16844,1
100,131,1
1000,1239,1
10000,10650,1
100,144,1
1000,1281,1
10000,12453,1
100,112,1
1000,1057,1
10000,11363,1
100,214,1
1000,1328,1
10000,13805,1
100,200,1
1000,1301,1
10000,10829,1
100,127,1
1000,1052,1
10000,10281,1
100,247,1
1000,1127,1
10000,10527,1
100,129,1
1000,1571,1
10000,10486,1
100,196,1
1000,1196,1
10000,12780,1
100,105,1
1000,967,1
10000,12251,1
100,176,1
1000,1153,1
10000,13480,1
100,167,1
1000,1389,1
10000,11728,1
100,196,1
1000,1424,1
10000,11292,1
100,100,1
1000,893,1
10000,13391,1
100,171,1
1000,1291,1
10000,10596,1
100,209,1
1000,1085,1
10000,10789,1
100,124,1
1000,1044,1
10000,14144,1
100,169,1
1000,1227,1
10000,14545,1
100,105,1
1000,992,1
10000,13058,1
100,215,1
1000,1273,1
10000,10414,1
100,186,1
1000,1199,1
10000,10420,1
100,280,1
1000,1497,1
10000,12711,1
100,143,1
1000,1249,1
10000,10463,1
100,197,1
1000,1120,1
10000,10984,1
100,96,1
1000,902,1
10000,10238,1
100,122,1
1000,1175,1
10000,13915,1
100,190,1
1000,1335,1
10000,10504,1
100,94,1
1000,1074,1
10000,14010,1
100,129,1
1000,1136,1
10000,10315,1
100,130,1
1000,1316,1
10000,11787,1
100,213,1
1000,1240,1
10000,11796,1
100,89,1
1000,964,1
10000,10489,1
100,295,1
1000,1465,1
10000,16499,1
100,130,1
1000,1194,1
10000,10515,1
100,153,1
1000,1094,1
10000,10717,1
100,132,1
1000,1130,1
10000,10902,1
100,151,1
1000,1207,1
10000,10648,1
100,132,1
1000,1055,1
10000,10308,1
100,291,1
1000,2878,1
10000,15369,1
100,110,1
1000,1225,1
10000,10741,1
100,117,1
1000,1031,1
10000,11371,1
100,306,1
1000,1270,1
10000,11859,1
100,119,1
1000,1119,1
10000,16048,1
100,115,1
1000,1292,1
10000,16804,1
100,295,1
1000,1256,1
10000,11591,1
100,186,1
1000,1191,1
10000,13083,1
100,180,1
1000,1158,1
10000,11214,1
100,164,1
1000,1138,1
10000,10650,1
100,118,1
1000,1143,1
10000,10777,1
100,124,1
1000,1050,1
10000,10386,1
100,141,1
1000,1238,1
10000,10177,1
100,85,1
1000,992,1
10000,10718,1
100,158,1
1000,1127,1
10000,10279,1
100,146,1
1000,1243,1
10000,14416,1
100,127,1
1000,1038,1
10000,10623,1
100,136,1
1000,1189,1
10000,11051,1
100,159,1
1000,1299,1
10000,11218,1
100,138,1
1000,1091,1
10000,10573,1
100,123,1
1000,1088,1
10000,10555,1
100,130,1
1000,1282,1
10000,10806,1
100,118,1
1000,1257,1
10000,10702,1
100,100,1
1000,1144,1
10000,13548,1
100,106,1
1000,995,1
10000,13808,1
100,125,1
1000,1206,1
10000,12124,1
100,114,1
1000,1241,1
10000,12365,1
100,103,1
1000,951,1
10000,13542,1
100,151,1
1000,1242,1
10000,14911,1
100,165,1
1000,1237,1
10000,10411,1
100,202,1
1000,1152,1
10000,10578,1
100,101,1
1000,924,1
10000,10515,1
100,132,1
1000,1076,1
10000,10769,1
100,111,1
1000,1127,1
10000,11616,1
100,115,1
1000,1093,1
10000,10801,1
100,125,1
1000,1174,1
10000,11455,1
100,119,1
1000,1009,1
10000,10451,1
100,150,1
1000,1190,1
10000,10678,1
100,113,1
1000,991,1
10000,13404,1
100,304,1
1000,1443,1
10000,10474,1
100,99,1
1000,972,1
10000,10805,1
100,155,1
1000,1268,1
10000,11339,1
100,105,1
1000,1186,1
10000,11411,1
100,139,1
1000,1323,1
10000,10943,1
100,127,1
1000,1133,1
10000,14203,1
100,137,1
1000,1142,1
10000,10533,1
100,138,1
1000,1157,1
10000,13667,1
100,124,1
1000,1131,1
10000,10837,1
100,151,1
1000,1141,1
10000,10612,1
100,110,1
1000,1044,1
10000,16131,1
100,94,1
1000,987,1
10000,11052,1
100,302,1
1000,1208,1
10000,10320,1
100,145,1
1000,1258,1
10000,11528,1
100,140,1
1000,1339,1
10000,13059,1
100,164,1
1000,1072,1
10000,16430,1
100,129,1
1000,1188,1
10000,11540,1
100,153,1
1000,1268,1
10000,14058,1
100,257,1
1000,1570,1
10000,12537,1
100,117,1
1000,1031,1
10000,15176,1
100,121,1
1000,1064,1
10000,10622,1
100,109,1
1000,1151,1
10000,14437,1
100,119,1
1000,1043,1
10000,12038,1
100,125,1
1000,1163,1
10000,11288,1
100,293,1
1000,1406,1
10000,10206,1
100,126,1
1000,1009,1
10000,13909,1
100,294,1
1000,1723,1
10000,15200,1
100,103,1
1000,966,1
10000,12049,1
100,267,1
1000,1254,1
10000,11890,1
100,130,1
1000,1071,1
10000,10433,1
100,97,1
1000,1065,1
10000,13644,1
100,100,1
1000,1041,1
10000,10364,1
100,132,1
1000,1068,1
10000,14692,1
100,127,1
1000,990,1
10000,11293,1
100,126,1
1000,1115,1
10000,12237,1
100,115,1
1000,1142,1
10000,10919,1
100,98,1
1000,914,1
10000,11360,1
100,121,1
1000,1040,1
10000,11475,1
100,103,1
1000,934,1
10000,16520,1
100,115,1
1000,1199,1
10000,11192,1
100,137,1
1000,1063,1
10000,11190,1
100,130,1
1000,1225,1
10000,11126,1
100,264,1
1000,1440,1
10000,14558,1
100,303,1
1000,1188,1
10000,14266,1
100,126,1
1000,1056,1
10000,10557,1
100,176,1
1000,1282,1
10000,13633,1
100,104,1
1000,1184,1
10000,12889,1
100,150,1
1000,1222,1
10000,14143,1
100,103,1
1000,1048,1
10000,11249,1
100,126,1
1000,1194,1
10000,16129,1
100,147,1
1000,1341,1
10000,10476,1
100,134,1
1000,1083,1
10000,10196,1
100,87,1
1000,982,1
10000,14096,1
100,267,1
1000,1075,1
10000,10396,1
100,114,1
1000,1023,1
10000,10467,1
100,97,1
1000,952,1
10000,10722,1
100,296,1
1000,1273,1
10000,11984,1
100,132,1
1000,1302,1
10000,13446,1
100,199,1
1000,1173,1
10000,10536,1
100,105,1
1000,1001,1
10000,13953,1
100,106,1
1000,961,1
10000,10287,1
100,124,1
1000,1171,1
10000,11518,1
100,90,1
1000,935,1
10000,12808,1
100,137,1
1000,1079,1
10000,10185,1
100,264,1
1000,1339,1
10000,13388,1
100,128,1
1000,1015,1
10000,12620,1
100,147,1
1000,1192,1
10000,11046,1
100,159,1
1000,1271,1
10000,10970,1
100,131,1
1000,1188,1
10000,11781,1
100,112,1
1000,1159,1
10000,11903,1
100,95,1
1000,995,1
10000,10729,1
100,122,1
1000,1500,1
10000,13807,1
100,98,1
1000,964,1
10000,15795,1
100,144,1
1000,1181,1
10000,11700,1
100,96,1
1000,941,1
10000,10262,1
100,313,1
1000,1210,1
10000,11547,1
100,108,1
1000,1269,1
10000,10503,1
100,152,1
1000,1641,1
10000,16643,1
100,88,1
1000,957,1
10000,15148,1
100,123,1
1000,1101,1
10000,11107,1
100,277,1
1000,1363,1
10000,11416,1
100,173,1
1000,1116,1
10000,12135,1
100,290,1
1000,1954,1
10000,11174,1
100,308,1
1000,1383,1
10000,16268,1
100,305,1
1000,1830,1
10000,18034,1
100,148,1
1000,1347,1
10000,10573,1
100,111,1
1000,964,1
10000,10509,1
100,107,1
1000,1129,1
10000,11666,1
100,125,1
1000,1116,1
10000,10833,1
100,114,1
1000,1149,1
10000,11002,1
100,170,1
1000,1235,1
10000,14783,1
100,103,1
1000,986,1
10000,12434,1
100,213,1
1000,1048,1
10000,11107,1
100,102,1
1000,1030,1
10000,12831,1
100,91,1
1000,994,1
10000,12005,1
100,265,1
1000,1408,1
10000,10923,1
100,173,1
1000,1408,1
10000,11594,1
100,98,1
1000,973,1
10000,11157,1
100,221,1
1000,1293,1
10000,11018,1
100,117,1
1000,1150,1
10000,13195,1
100,143,1
1000,1038,1
10000,14146,1
100,116,1
1000,1137,1
10000,14297,1
100,174,1
1000,1191,1
10000,15271,1
100,138,1
1000,1060,1
10000,14651,1
100,142,1
1000,1230,1
10000,10513,1
100,280,1
1000,1307,1
10000,14453,1
100,126,1
1000,1131,1
10000,10685,1
100,128,1
1000,1042,1
10000,10963,1
100,150,1
1000,1448,1
10000,12090,1
100,120,1
1000,1133,1
10000,15787,1
100,170,1
1000,1491,1
10000,11363,1
100,174,1
1000,1248,1
10000,11046,1
100,301,1
1000,1390,1
10000,10065,1
100,271,1
1000,1469,1
10000,14444,1
100,99,1
1000,948,1
10000,10590,1
100,85,1
1000,1070,1
10000,11108,1
100,160,1
1000,1262,1
10000,14499,1
100,227,1
1000,1171,1
10000,14130,1
100,165,1
1000,1410,1
10000,16323,1
100,114,1
1000,1137,1
10000,10700,1
100,130,1
1000,1038,1
10000,10882,1
100,131,1
1000,1229,1
10000,15208,1
100,141,1
1000,1072,1
10000,10732,1
100,87,1
1000,929,1
10000,13208,1
100,143,1
1000,1204,1
10000,11034,1
100,134,1
1000,1108,1
10000,10531,1
100,136,1
1000,1087,1
10000,14536,1
100,151,1
1000,1502,1
10000,18026,1
100,190,1
1000,1227,1
10000,10795,1
100,275,1
1000,1184,1
10000,11155,1
100,87,1
1000,1008,1
10000,16299,1
100,278,1
1000,3038,1
10000,21806,1
100,118,1
1000,1124,1
10000,13519,1
100,139,1
1000,1152,1
10000,13576,1
100,108,1
1000,1077,1
10000,12126,1
100,169,1
1000,1141,1
10000,11144,1
100,154,1
1000,1393,1
10000,16852,1
100,184,1
1000,1180,1
10000,10860,1
100,87,1
1000,1058,1
10000,11422,1
100,89,1
1000,1009,1
10000,11683,1
100,185,1
1000,1088,1
10000,10573,1
100,100,1
1000,939,1
10000,14159,1
100,121,1
1000,1103,1
10000,11874,1
100,129,1
1000,1267,1
10000,10995,1
100,114,1
1000,1655,1
10000,18212,1
100,241,1
1000,1637,1
10000,16550,1
100,173,1
1000,1591,1
10000,17627,1
100,149,1
1000,1398,1
10000,20068,1
100,152,1
1000,1328,1
10000,10652,1
100,195,1
1000,1332,1
10000,15390,1
100,110,1
1000,1150,1
10000,15011,1
100,95,1
1000,987,1
10000,13744,1
100,325,1
1000,2026,1
10000,15483,1
100,123,1
1000,1099,1
10000,11934,1
100,230,1
1000,1171,1
10000,10715,1
100,123,1
1000,1068,1
10000,15130,1
100,99,1
1000,957,1
10000,11989,1
100,96,1
1000,981,1
10000,16771,1
100,132,1
1000,1004,1
10000,11950,1
100,175,1
1000,1094,1
10000,10774,1
100,102,1
1000,968,1
10000,12860,1
100,91,1
1000,911,1
10000,13399,1
100,166,1
1000,1334,1
10000,10226,1
100,121,1
1000,1013,1
10000,14246,1
100,122,1
1000,1011,1
10000,11000,1
100,120,1
1000,1048,1
10000,14421,1
100,167,1
1000,1295,1
10000,12890,1
100,113,1
1000,1140,1
10000,10389,1
100,135,1
1000,1081,1
10000,14383,1
100,136,1
1000,1247,1
10000,10307,1
100,141,1
1000,1059,1
10000,12270,1
100,175,1
1000,1335,1
10000,10416,1
100,283,1
1000,1845,1
10000,14600,1
100,92,1
1000,959,1
10000,14707,1
100,148,1
1000,1316,1
10000,13816,1
100,303,1
1000,1445,1
10000,14197,1
100,251,1
1000,1370,1
10000,13465,1
100,149,1
1000,1127,1
10000,10689,1
100,216,1
1000,1346,1
10000,10772,1
100,137,1
1000,1369,1
10000,14410,1
100,103,1
1000,973,1
10000,10279,1
100,138,1
1000,1354,1
10000,15921,1
100,304,1
1000,1286,1
10000,15103,1
100,134,1
1000,1229,1
10000,14563,1
100,146,1
1000,1090,1
10000,11931,1
100,105,1
1000,1162,1
10000,10940,1
100,94,1
1000,937,1
10000,12660,1
100,91,1
1000,1223,1
10000,16123,1
100,97,1
1000,962,1
10000,10634,1
100,158,1
1000,1270,1
10000,10425,1
100,294,1
1000,1289,1
10000,12512,1
100,100,1
1000,937,1
10000,12773,1
100,121,1
1000,1048,1
10000,13627,1
100,136,1
1000,1148,1
10000,10914,1
100,273,1
1000,1518,1
10000,15845,1
100,268,1
1000,1919,1
10000,15700,1
100,93,1
1000,950,1
10000,10170,1
100,126,1
1000,1162,1
10000,10906,1
100,168,1
1000,1414,1
10000,18175,1
100,149,1
1000,1090,1
10000,10808,1
100,127,1
1000,1089,1
10000,10389,1
100,185,1
1000,1325,1
10000,13258,1
100,115,1
1000,1246,1
10000,10799,1
100,100,1
1000,912,1
10000,13602,1
100,147,1
1000,1303,1
10000,10469,1
100,134,1
1000,1148,1
10000,11345,1
100,132,1
1000,1072,1
10000,11394,1
100,94,1
1000,901,1
10000,10077,1
100,115,1
1000,1035,1
10000,10742,1
100,152,1
1000,1340,1
10000,10552,1
100,245,1
1000,1400,1
10000,13575,1
100,123,1
1000,1144,1
10000,11196,1
100,237,1
1000,1319,1
10000,13188,1
100,115,1
1000,1279,1
10000,10913,1
100,143,1
1000,1322,1
10000,14141,1
100,129,1
1000,1141,1
10000,10750,1
100,300,1
1000,1410,1
10000,10869,1
100,126,1
1000,1232,1
10000,15505,1
100,88,1
1000,910,1
10000,13608,1
100,264,1
1000,1633,1
10000,19723,1
100,98,1
1000,1053,1
10000,11271,1
100,268,1
1000,1200,1
10000,10723,1
100,224,1
1000,1503,1
10000,10525,1
100,114,1
1000,1110,1
10000,10913,1
100,116,1
1000,1126,1
10000,11660,1
100,120,1
1000,1023,1
10000,11041,1
100,92,1
1000,1064,1
10000,13470,1
100,117,1
1000,1085,1
10000,15101,1
100,129,1
1000,1200,1
10000,13225,1
100,104,1
1000,1123,1
10000,11273,1
100,139,1
1000,1370,1
10000,12408,1
100,86,1
1000,1062,1
10000,10666,1
100,108,1
1000,1144,1
10000,15129,1
100,174,1
1000,1221,1
10000,15758,1
100,173,1
1000,1258,1
10000,11426,1
100,124,1
1000,1161,1
10000,10854,1
100,290,1
1000,1375,1
10000,10329,1
100,89,1
1000,974,1
10000,14648,1
100,133,1
1000,1078,1
10000,10670,1
100,281,1
1000,1531,1
10000,10862,1
100,93,1
1000,1014,1
10000,14914,1
100,84,1
1000,1040,1
10000,11050,1
100,294,1
1000,1429,1
10000,14679,1
100,161,1
1000,1445,1
10000,11274,1
100,135,1
1000,1202,1
10000,11819,1
100,90,1
1000,1270,1
10000,11190,1
100,107,1
1000,1009,1
10000,13266,1
100,195,1
1000,1194,1
10000,17490,1
100,85,1
1000,986,1
10000,10780,1
100,228,1
1000,1276,1
10000,10731,1
100,277,1
1000,1632,1
10000,14539,1
100,135,1
1000,1208,1
10000,11405,1
100,227,1
1000,1884,1
10000,22348,1
100,85,1
1000,998,1
10000,10716,1
100,104,1
1000,1119,1
10000,14452,1
100,110,1
1000,1187,1
10000,11225,1
100,137,1
1000,1099,1
10000,15403,1
100,163,1
1000,1284,1
10000,10498,1
100,137,1
1000,1254,1
10000,12990,1
100,86,1
1000,1039,1
10000,11059,1
100,84,1
1000,1105,1
10000,10744,1
100,87,1
1000,1039,1
10000,11085,1
100,126,1
1000,1159,1
10000,11303,1
100,84,1
1000,1059,1
10000,14209,1
100,216,1
1000,1437,1
10000,10772,1
100,85,1
1000,1020,1
10000,14048,1
100,98,1
1000,914,1
10000,10327,1
100,129,1
1000,1110,1
10000,15358,1
100,175,1
1000,1198,1
10000,12035,1
100,314,1
1000,1182,1
10000,10446,1
100,292,1
1000,1362,1
10000,11841,1
100,206,1
1000,1606,1
10000,10796,1
100,309,1
1000,3264,1
10000,21086,1
100,103,1
1000,1075,1
10000,14884,1
100,122,1
1000,1233,1
10000,11313,1
100,131,1
1000,1933,1
10000,17453,1
100,233,1
1000,1830,1
10000,13775,1
100,91,1
1000,1083,1
10000,15580,1
100,126,1
1000,1145,1
10000,11193,1
100,216,1
1000,1248,1
10000,10583,1
100,119,1
1000,1065,1
10000,10294,1
100,142,1
1000,1178,1
10000,10508,1
100,127,1
1000,1228,1
10000,11128,1
100,119,1
1000,1147,1
10000,12910,1
100,112,1
1000,1156,1
10000,15642,1
100,282,1
1000,1542,1
10000,15237,1
100,127,1
1000,1025,1
10000,10575,1
100,87,1
1000,1188,1
10000,10480,1
100,88,1
1000,1069,1
10000,10816,1
100,103,1
1000,1107,1
10000,11063,1
100,90,1
1000,1187,1
10000,11008,1
100,135,1
1000,1161,1
10000,12539,1
100,99,1
1000,978,1
10000,14193,1
100,298,1
1000,1305,1
10000,14892,1
100,89,1
1000,962,1
10000,10308,1
100,217,1
1000,1128,1
10000,10348,1
100,124,1
1000,1249,1
10000,12136,1
100,243,1
1000,1470,1
10000,10536,1
100,269,1
1000,1696,1
10000,10842,1
100,98,1
1000,970,1
10000,10353,1
100,140,1
1000,1298,1
10000,10861,1
100,87,1
1000,943,1
10000,11023,1
100,152,1
1000,1302,1
10000,13496,1
100,170,1
1000,1198,1
10000,10601,1
100,198,1
1000,1150,1
10000,14161,1
100,120,1
1000,979,1
10000,14397,1
100,133,1
1000,1135,1
10000,13372,1
100,294,1
1000,1480,1
10000,15913,1
100,90,1
1000,1088,1
10000,10938,1
100,125,1
1000,1083,1
10000,10706,1
100,114,1
1000,1012,1
10000,11058,1
100,297,1
1000,1422,1
10000,11276,1
100,124,1
1000,1132,1
10000,10410,1
100,154,1
1000,1176,1
10000,10948,1
100,89,1
1000,970,1
10000,13180,1
100,159,1
1000,1315,1
10000,12216,1
100,155,1
1000,1151,1
10000,11708,1
100,130,1
1000,1130,1
10000,10725,1
100,153,1
1000,1094,1
10000,15559,1
100,166,1
1000,1411,1
10000,18608,1
100,121,1
1000,989,1
10000,11837,1
100,104,1
1000,1204,1
10000,11125,1
100,136,1
1000,1154,1
10000,15272,1
100,117,1
1000,1162,1
10000,15717,1
100,90,1
1000,1107,1
10000,13577,1
100,124,1
1000,1208,1
10000,15580,1
100,99,1
1000,961,1
10000,15727,1
100,97,1
1000,996,1
10000,10709,1
100,277,1
1000,1769,1
10000,12073,1
100,120,1
1000,1065,1
10000,11273,1
100,217,1
1000,1838,1
10000,16005,1
100,110,1
1000,1061,1
10000,11126,1
100,154,1
1000,1285,1
10000,12787,1
100,131,1
1000,1218,1
10000,15184,1
100,93,1
1000,919,1
10000,11506,1
100,219,1
1000,1329,1
10000,11251,1
100,267,1
1000,1445,1
10000,12539,1
100,119,1
1000,1131,1
10000,10533,1
100,110,1
1000,1569,1
10000,11785,1
100,90,1
1000,961,1
10000,11048,1
100,122,1
1000,1006,1
10000,11292,1
100,127,1
1000,1026,1
10000,11017,1
100,96,1
1000,943,1
10000,10374,1
100,113,1
1000,1168,1
10000,12066,1
100,101,1
1000,1250,1
10000,13335,1
100,261,1
1000,1208,1
10000,11536,1
100,108,1
1000,1030,1
10000,11035,1
100,227,1
1000,2110,1
10000,11193,1
100,293,1
1000,1262,1
10000,14785,1
100,209,1
1000,1584,1
10000,12699,1
100,187,1
1000,1274,1
10000,11735,1
100,176,1
1000,1410,1
10000,23415,1
100,294,1
1000,1388,1
10000,10754,1
100,142,1
1000,1365,1
10000,12185,1
100,120,1
1000,1032,1
10000,10676,1
100,153,1
1000,1199,1
10000,14519,1
100,144,1
1000,1039,1
10000,10633,1
100,131,1
1000,1255,1
10000,12527,1
100,107,1
1000,1106,1
10000,11711,1
100,119,1
1000,1067,1
10000,12586,1
100,89,1
1000,919,1
10000,10990,1
100,137,1
1000,1138,1
10000,10577,1
100,112,1
1000,990,1
10000,10799,1
100,192,1
1000,1301,1
10000,13576,1
100,212,1
1000,1185,1
10000,10517,1
100,94,1
1000,934,1
10000,10666,1
100,127,1
1000,1145,1
10000,15858,1
100,228,1
1000,1179,1
10000,10518,1
100,294,1
1000,1298,1
10000,10697,1
100,110,1
1000,1221,1
10000,11048,1
100,144,1
1000,1211,1
10000,10675,1
100,94,1
1000,975,1
10000,13947,1
100,293,1
1000,1547,1
10000,10306,1
100,107,1
1000,981,1
10000,11246,1
100,184,1
1000,1322,1
10000,10595,1
100,130,1
1000,1166,1
10000,10668,1
100,126,1
1000,1237,1
10000,12691,1
100,191,1
1000,1534,1
10000,20459,1
100,304,1
1000,1525,1
10000,11799,1
100,121,1
1000,1060,1
10000,10568,1
100,126,1
1000,1234,1
10000,12342,1
100,150,1
1000,1050,1
10000,12818,1
100,123,1
1000,1040,1
10000,10795,1
100,179,1
1000,1128,1
10000,11272,1
100,213,1
1000,1318,1
10000,11120,1
100,126,1
1000,1101,1
10000,11020,1
100,126,1
1000,1237,1
10000,12860,1
100,199,1
1000,1339,1
10000,12537,1
100,255,1
1000,1303,1
10000,10881,1
100,125,1
1000,1067,1
10000,10124,1
100,173,1
1000,1034,1
10000,17449,1
100,99,1
1000,1083,1
10000,10913,1
100,116,1
1000,1234,1
10000,15598,1
100,158,1
1000,1214,1
10000,12506,1
100,141,1
1000,1181,1
10000,13691,1
100,104,1
1000,1451,1
10000,11377,1
100,286,1
1000,1462,1
10000,15357,1
100,156,1
1000,1422,1
10000,18862,1
100,215,1
1000,1676,1
10000,19991,1
100,97,1
1000,935,1
10000,11105,1
100,230,1
1000,1229,1
10000,10605,1
100,91,1
1000,919,1
10000,13519,1
100,119,1
1000,1037,1
10000,13285,1
100,116,1
1000,901,1
10000,12652,1
100,228,1
1000,1834,1
10000,11186,1
100,148,1
1000,1260,1
10000,13894,1
100,136,1
1000,1050,1
10000,16276,1
100,172,1
1000,1167,1
10000,11077,1
100,121,1
1000,1076,1
10000,10672,1
100,312,1
1000,1702,1
10000,16285,1
100,101,1
1000,1053,1
10000,12388,1
100,119,1
1000,1013,1
10000,10405,1
100,132,1
1000,1131,1
10000,13237,1
100,84,1
1000,922,1
10000,10390,1
100,278,1
1000,1356,1
10000,12221,1
100,103,1
1000,1115,1
10000,11183,1
100,110,1
1000,1025,1
10000,10794,1
100,246,1
1000,1236,1
10000,14019,1
100,146,1
1000,1191,1
10000,10486,1
100,123,1
1000,1261,1
10000,14435,1
100,122,1
1000,1161,1
10000,10645,1
100,301,1
1000,2164,1
10000,17133,1
100,158,1
1000,1298,1
10000,11478,1
100,104,1
1000,1060,1
10000,10669,1
100,182,1
1000,1201,1
10000,13195,1
100,122,1
1000,996,1
10000,13528,1
100,289,1
1000,1447,1
10000,12240,1
100,106,1
1000,986,1
10000,11726,1
100,115,1
1000,1150,1
10000,10960,1
100,311,1
1000,1370,1
10000,10595,1
100,100,1
1000,1115,1
10000,11065,1
100,138,1
1000,1255,1
10000,12460,1
100,268,1
1000,1420,1
10000,11475,1
100,123,1
1000,1158,1
10000,11132,1
100,93,1
1000,1214,1
10000,12036,1
100,110,1
1000,1073,1
10000,10358,1
100,119,1
1000,1580,1
10000,14042,1
100,114,1
1000,1118,1
10000,11371,1
100,90,1
1000,1004,1
10000,10744,1
100,90,1
1000,926,1
10000,10500,1
100,273,1
1000,1149,1
10000,14877,1
100,128,1
1000,1137,1
10000,11646,1
100,300,1
1000,1621,1
10000,16578,1
100,101,1
1000,1077,1
10000,15641,1
100,107,1
1000,978,1
10000,13120,1
100,193,1
1000,1203,1
10000,10796,1
100,191,1
1000,1485,1
10000,17362,1
100,110,1
1000,1039,1
10000,13297,1
100,290,1
1000,1489,1
10000,10668,1
100,106,1
1000,975,1
10000,12905,1
100,157,1
1000,1298,1
10000,11101,1
100,122,1
1000,1042,1
10000,10535,1
100,113,1
1000,1105,1
10000,11985,1
100,126,1
1000,1163,1
10000,11699,1
100,103,1
1000,1393,1
10000,11163,1
100,98,1
1000,1049,1
10000,17333,1
100,130,1
1000,1367,1
10000,12522,1
100,200,1
1000,1272,1
10000,11067,1
100,189,1
1000,1635,1
10000,15530,1
100,135,1
1000,1047,1
10000,10949,1
100,300,1
1000,2174,1
10000,13359,1
100,96,1
1000,979,1
10000,10860,1
100,130,1
1000,923,1
10000,12720,1
100,101,1
1000,1193,1
10000,13130,1
100,141,1
1000,1251,1
10000,13198,1
100,91,1
1000,989,1
10000,11579,1
100,157,1
1000,1919,1
10000,16395,1
100,145,1
1000,1255,1
10000,10672,1
100,101,1
1000,930,1
10000,10804,1
100,118,1
1000,1070,1
10000,13534,1
100,191,1
1000,1730,1
10000,16355,1
100,150,1
1000,1227,1
10000,13010,1
100,246,1
1000,1392,1
10000,10460,1
100,117,1
1000,1247,1
10000,12241,1
100,208,1
1000,1156,1
10000,10567,1
100,104,1
1000,1072,1
10000,11024,1
100,110,1
1000,1107,1
10000,10758,1
100,162,1
1000,1211,1
10000,12393,1
100,161,1
1000,1292,1
10000,14427,1
100,161,1
1000,1233,1
10000,10534,1
100,119,1
1000,1003,1
10000,11227,1
100,93,1
1000,1121,1
10000,12507,1
100,138,1
1000,1167,1
10000,13118,1
100,117,1
1000,1050,1
10000,13929,1
100,228,1
1000,1179,1
10000,14558,1
100,123,1
1000,1057,1
10000,12728,1
100,130,1
1000,1227,1
10000,12688,1
100,112,1
1000,993,1
10000,15552,1
100,309,1
1000,2531,1
10000,27165,1
100,150,1
1000,1282,1
10000,11344,1
100,115,1
1000,1165,1
10000,11915,1
100,133,1
1000,1068,1
10000,10717,1
100,98,1
1000,1109,1
10000,10883,1
100,135,1
1000,1276,1
10000,18772,1
100,276,1
1000,1268,1
10000,13993,1
100,92,1
1000,969,1
10000,14519,1
100,231,1
1000,1675,1
10000,12976,1
100,102,1
1000,1039,1
10000,11074,1
100,223,1
1000,1302,1
10000,10719,1
100,201,1
1000,1163,1
10000,10481,1
100,143,1
1000,1212,1
10000,10240,1
100,181,1
1000,1113,1
10000,10393,1
100,290,1
1000,1423,1
10000,10836,1
100,243,1
1000,1730,1
10000,10578,1
100,241,1
1000,1427,1
10000,14021,1
100,90,1
1000,1025,1
10000,13821,1
100,120,1
1000,1226,1
10000,10939,1
100,122,1
1000,996,1
10000,15110,1
100,109,1
1000,1049,1
10000,15118,1
100,101,1
1000,1023,1
10000,14071,1
100,88,1
1000,964,1
10000,14414,1
100,124,1
1000,1181,1
10000,12941,1
100,264,1
1000,1885,1
10000,10666,1
100,90,1
1000,961,1
10000,14683,1
100,88,1
1000,1023,1
10000,12165,1
100,134,1
1000,1153,1
10000,13089,1
100,142,1
1000,1219,1
10000,11773,1
100,257,1
1000,1506,1
10000,12562,1
100,169,1
1000,1087,1
10000,10152,1
100,210,1
1000,1129,1
10000,10453,1
100,244,1
1000,1318,1
10000,10750,1
100,100,1
1000,974,1
10000,15907,1
100,102,1
1000,1112,1
10000,10733,1
100,103,1
1000,987,1
10000,11181,1
100,159,1
1000,1220,1
10000,10982,1
100,311,1
1000,1280,1
10000,11088,1
100,98,1
1000,1126,1
10000,10828,1
100,172,1
1000,1018,1
10000,16924,1
100,227,1
1000,1758,1
10000,11826,1
100,93,1
1000,1006,1
10000,11079,1
100,104,1
1000,1066,1
10000,10600,1
100,125,1
1000,1142,1
10000,14020,1
100,120,1
1000,1101,1
10000,10835,1
100,128,1
1000,1053,1
10000,10243,1
100,171,1
1000,1133,1
10000,13662,1
100,126,1
1000,1092,1
10000,12492,1
100,122,1
1000,998,1
10000,10697,1
100,111,1
1000,1111,1
10000,15319,1
100,160,1
1000,1204,1
10000,12728,1
100,252,1
1000,1482,1
10000,15581,1
100,123,1
1000,1278,1
10000,16025,1
100,174,1
1000,1093,1
10000,10257,1
100,126,1
1000,1233,1
10000,19449,1
100,101,1
1000,1004,1
10000,10355,1
100,115,1
1000,1209,1
10000,10677,1
100,244,1
1000,1204,1
10000,11074,1
100,91,1
1000,961,1
10000,11393,1
100,269,1
1000,1380,1
10000,11879,1
100,223,1
1000,1475,1
10000,10692,1
100,148,1
1000,1144,1
10000,11630,1
100,128,1
1000,1068,1
10000,10828,1
100,101,1
1000,1077,1
10000,14280,1
100,164,1
1000,1516,1
10000,17680,1
100,160,1
1000,1482,1
10000,18895,1
100,97,1
1000,994,1
10000,18296,1
100,98,1
1000,995,1
10000,10464,1
100,103,1
1000,982,1
10000,10990,1
100,172,1
1000,1085,1
10000,10907,1
100,86,1
1000,1253,1
10000,10328,1
100,111,1
1000,988,1
10000,10500,1
100,255,1
1000,1326,1
10000,11147,1
100,90,1
1000,1090,1
10000,13889,1
100,122,1
1000,1156,1
10000,14422,1
100,134,1
1000,1203,1
10000,10278,1
100,126,1
1000,1273,1
10000,10817,1
100,187,1
1000,1357,1
10000,18140,1
100,139,1
1000,1603,1
10000,16355,1
100,91,1
1000,920,1
10000,10369,1
100,303,1
1000,1261,1
10000,12744,1
100,155,1
1000,1161,1
10000,10705,1
100,120,1
1000,1011,1
10000,10342,1
100,136,1
1000,1100,1
10000,10931,1
100,149,1
1000,1323,1
10000,13801,1
100,181,1
1000,1240,1
10000,12961,1
100,206,1
1000,1406,1
10000,13796,1
100,148,1
1000,1054,1
10000,14501,1
100,113,1
1000,1059,1
10000,14974,1
100,104,1
1000,1181,1
10000,11184,1
100,131,1
1000,1220,1
10000,11186,1
100,112,1
1000,1051,1
10000,11870,1
100,215,1
1000,1567,1
10000,11297,1
100,150,1
1000,1164,1
10000,13457,1
100,300,1
1000,2423,1
10000,11869,1
100,101,1
1000,1095,1
10000,10936,1
100,293,1
1000,1304,1
10000,10255,1
100,194,1
1000,2179,1
10000,18417,1
100,182,1
1000,1488,1
10000,15470,1
100,135,1
1000,1130,1
10000,11033,1
100,97,1
1000,988,1
10000,11721,1
100,293,1
1000,1300,1
10000,10816,1
100,155,1
1000,1119,1
10000,10781,1
100,235,1
1000,1651,1
10000,12760,1
100,319,1
1000,1193,1
10000,14421,1
100,70,2
1000,694,2
10000,8260,2
100,70,2
1000,695,2
10000,8585,2
100,67,2
1000,713,2
10000,8630,2
100,64,2
1000,672,2
10000,8147,2
100,62,2
1000,655,2
10000,8149,2
100,62,2
1000,647,2
10000,8162,2
100,82,2
1000,670,2
10000,8108,2
100,61,2
1000,695,2
10000,8054,2
100,79,2
1000,682,2
10000,8080,2
100,62,2
1000,661,2
10000,8603,2
100,63,2
1000,684,2
10000,8024,2
100,62,2
1000,674,2
10000,8047,2
100,61,2
1000,669,2
10000,8206,2
100,62,2
1000,656,2
10000,8165,2
100,64,2
1000,651,2
10000,7938,2
100,61,2
1000,660,2
10000,8074,2
100,62,2
1000,668,2
10000,8069,2
100,63,2
1000,702,2
10000,8460,2
100,75,2
1000,677,2
10000,8248,2
100,83,2
1000,651,2
10000,8012,2
100,62,2
1000,664,2
10000,8123,2
100,66,2
1000,674,2
10000,8216,2
100,62,2
1000,680,2
10000,8193,2
100,78,2
1000,675,2
10000,8044,2
100,62,2
1000,680,2
10000,8001,2
100,61,2
1000,669,2
10000,8238,2
100,63,2
1000,746,2
10000,7969,2
100,61,2
1000,675,2
10000,8051,2
100,60,2
1000,661,2
10000,8040,2
100,63,2
1000,672,2
10000,8046,2
100,62,2
1000,666,2
10000,8190,2
100,64,2
1000,658,2
10000,8055,2
100,77,2
1000,667,2
10000,8028,2
100,63,2
1000,661,2
10000,8177,2
100,61,2
1000,651,2
10000,8210,2
100,60,2
1000,707,2
10000,7927,2
100,63,2
1000,663,2
10000,8052,2
100,68,2
1000,661,2
10000,8256,2
100,61,2
1000,653,2
10000,8032,2
100,65,2
1000,663,2
10000,7969,2
100,61,2
1000,647,2
10000,7963,2
100,81,2
1000,665,2
10000,8058,2
100,62,2
1000,690,2
10000,8028,2
100,62,2
1000,655,2
10000,7990,2
100,62,2
1000,659,2
10000,7920,2
100,62,2
1000,654,2
10000,8317,2
100,62,2
1000,659,2
10000,8145,2
100,62,2
1000,652,2
10000,8010,2
100,61,2
1000,650,2
10000,8021,2
100,62,2
1000,652,2
10000,7992,2
100,63,2
1000,656,2
10000,8065,2
100,103,2
1000,674,2
10000,8049,2
100,62,2
1000,649,2
10000,7936,2
100,61,2
1000,713,2
10000,7985,2
100,61,2
1000,646,2
10000,7917,2
100,60,2
1000,662,2
10000,8121,2
100,62,2
1000,651,2
10000,8015,2
100,70,2
1000,654,2
10000,8081,2
100,61,2
1000,658,2
10000,8046,2
100,80,2
1000,657,2
10000,8024,2
100,63,2
1000,662,2
10000,7972,2
100,61,2
1000,716,2
10000,7942,2
100,62,2
1000,655,2
10000,8037,2
100,62,2
1000,674,2
10000,8166,2
100,62,2
1000,731,2
10000,7919,2
100,61,2
1000,646,2
10000,8080,2
100,63,2
1000,702,2
10000,7990,2
100,77,2
1000,658,2
10000,7842,2
100,61,2
1000,653,2
10000,7939,2
100,61,2
1000,657,2
10000,8171,2
100,89,2
1000,665,2
10000,8020,2
100,62,2
1000,654,2
10000,8018,2
100,63,2
1000,651,2
10000,7924,2
100,61,2
1000,656,2
10000,8080,2
100,62,2
1000,652,2
10000,7982,2
100,63,2
1000,649,2
10000,8082,2
100,63,2
1000,656,2
10000,8192,2
100,61,2
1000,654,2
10000,8011,2
100,62,2
1000,646,2
10000,7900,2
100,64,2
1000,654,2
10000,8031,2
100,63,2
1000,656,2
10000,8114,2
100,64,2
1000,657,2
10000,8024,2
100,62,2
1000,653,2
10000,7926,2
100,65,2
1000,701,2
10000,8466,2
100,104,2
1000,704,2
10000,8161,2
100,63,2
1000,658,2
10000,8113,2
100,63,2
1000,667,2
10000,8577,2
100,63,2
1000,659,2
10000,7918,2
100,62,2
1000,658,2
10000,7970,2
100,62,2
1000,652,2
10000,8099,2
100,61,2
1000,651,2
10000,7959,2
100,70,2
1000,664,2
10000,8623,2
100,72,2
1000,711,2
10000,9650,2
100,83,2
1000,690,2
10000,8184,2
100,65,2
1000,656,2
10000,8284,2
100,99,2
1000,691,2
10000,8332,2
100,63,2
1000,659,2
10000,8368,2
100,65,2
1000,709,2
10000,8180,2
100,74,2
1000,721,2
10000,8461,2
100,127,2
1000,999,2
10000,8775,2
100,66,2
1000,715,2
10000,8868,2
100,64,2
1000,672,2
10000,8143,2
100,70,2
1000,675,2
10000,8085,2
100,83,2
1000,672,2
10000,8086,2
100,61,2
1000,1067,2
10000,11146,2
100,80,2
1000,731,2
10000,8059,2
100,85,2
1000,700,2
10000,8462,2
100,62,2
1000,661,2
10000,8173,2
100,64,2
1000,681,2
10000,8380,2
100,67,2
1000,698,2
10000,11827,2
100,73,2
1000,683,2
10000,9462,2
100,79,2
1000,666,2
10000,8132,2
100,74,2
1000,668,2
10000,8006,2
100,62,2
1000,682,2
10000,8106,2
100,63,2
1000,669,2
10000,8470,2
100,62,2
1000,655,2
10000,8068,2
100,62,2
1000,666,2
10000,8059,2
100,63,2
1000,661,2
10000,8072,2
100,64,2
1000,666,2
10000,7931,2
100,61,2
1000,650,2
10000,8000,2
100,61,2
1000,663,2
10000,7949,2
100,62,2
1000,662,2
10000,8114,2
100,62,2
1000,666,2
10000,8091,2
100,62,2
1000,653,2
10000,7986,2
100,62,2
1000,731,2
10000,8027,2
100,62,2
1000,653,2
10000,8034,2
100,61,2
1000,649,2
10000,7858,2
100,63,2
1000,657,2
10000,8052,2
100,62,2
1000,652,2
10000,7942,2
100,63,2
1000,661,2
10000,10407,2
100,62,2
1000,658,2
10000,8069,2
100,63,2
1000,664,2
10000,7876,2
100,62,2
1000,651,2
10000,8092,2
100,63,2
1000,658,2
10000,7871,2
100,64,2
1000,661,2
10000,8111,2
100,62,2
1000,645,2
10000,8017,2
100,64,2
1000,654,2
10000,8058,2
100,63,2
1000,665,2
10000,8083,2
100,63,2
1000,646,2
10000,7864,2
100,63,2
1000,655,2
10000,8098,2
100,63,2
1000,657,2
10000,8155,2
100,62,2
1000,695,2
10000,7974,2
100,62,2
1000,660,2
10000,7946,2
100,71,2
1000,661,2
10000,8030,2
100,62,2
1000,660,2
10000,8196,2
100,79,2
1000,663,2
10000,7960,2
100,62,2
1000,653,2
10000,7974,2
100,64,2
1000,664,2
10000,7989,2
100,64,2
1000,660,2
10000,7928,2
100,62,2
1000,647,2
10000,8079,2
100,62,2
1000,651,2
10000,7936,2
100,61,2
1000,693,2
10000,8080,2
100,63,2
1000,658,2
10000,8020,2
100,65,2
1000,646,2
10000,7883,2
100,62,2
1000,660,2
10000,7876,2
100,63,2
1000,659,2
10000,8004,2
100,62,2
1000,662,2
10000,7945,2
100,62,2
1000,664,2
10000,7958,2
100,61,2
1000,656,2
10000,8033,2
100,61,2
1000,655,2
10000,7929,2
100,63,2
1000,707,2
10000,8091,2
100,63,2
1000,647,2
10000,7924,2
100,62,2
1000,654,2
10000,8024,2
100,62,2
1000,661,2
10000,7963,2
100,62,2
1000,652,2
10000,7935,2
100,63,2
1000,729,2
10000,8050,2
100,63,2
1000,651,2
10000,7744,2
100,63,2
1000,649,2
10000,8124,2
100,62,2
1000,712,2
10000,7994,2
100,62,2
1000,656,2
10000,8142,2
100,63,2
1000,656,2
10000,7953,2
100,61,2
1000,653,2
10000,8013,2
100,72,2
1000,658,2
10000,8072,2
100,62,2
1000,671,2
10000,8156,2
100,63,2
1000,660,2
10000,7992,2
100,63,2
1000,664,2
10000,8001,2
100,62,2
1000,663,2
10000,7980,2
100,61,2
1000,645,2
10000,7817,2
100,63,2
1000,669,2
10000,8248,2
100,63,2
1000,665,2
10000,8013,2
100,63,2
1000,659,2
10000,8258,2
100,61,2
1000,656,2
10000,8102,2
100,62,2
1000,652,2
10000,7973,2
100,75,2
1000,657,2
10000,7918,2
100,62,2
1000,651,2
10000,7925,2
100,61,2
1000,652,2
10000,7925,2
100,63,2
1000,650,2
10000,8223,2
100,62,2
1000,657,2
10000,8135,2
100,61,2
1000,648,2
10000,7835,2
100,61,2
1000,649,2
10000,7989,2
100,61,2
1000,648,2
10000,8018,2
100,64,2
1000,647,2
10000,7922,2
100,63,2
1000,651,2
10000,7952,2
100,63,2
1000,656,2
10000,8030,2
100,64,2
1000,658,2
10000,8153,2
100,61,2
1000,660,2
10000,8099,2
100,62,2
1000,657,2
10000,8261,2
100,62,2
1000,653,2
10000,7990,2
100,63,2
1000,673,2
10000,8056,2
100,63,2
1000,659,2
10000,8008,2
100,61,2
1000,650,2
10000,7953,2
100,62,2
1000,646,2
10000,7864,2
100,65,2
1000,689,2
10000,8063,2
100,62,2
1000,661,2
10000,8049,2
100,61,2
1000,656,2
10000,7957,2
100,79,2
1000,651,2
10000,7928,2
100,64,2
1000,664,2
10000,8059,2
100,61,2
1000,651,2
10000,8104,2
100,64,2
1000,656,2
10000,8137,2
100,61,2
1000,670,2
10000,7993,2
100,63,2
1000,649,2
10000,8080,2
100,64,2
1000,732,2
10000,8030,2
100,60,2
1000,657,2
10000,8070,2
100,63,2
1000,658,2
10000,7998,2
100,61,2
1000,656,2
10000,8068,2
100,64,2
1000,718,2
10000,8088,2
100,64,2
1000,657,2
10000,7936,2
100,61,2
1000,654,2
10000,11501,2
100,65,2
1000,691,2
10000,8215,2
100,80,2
1000,693,2
10000,8343,2
100,69,2
1000,665,2
10000,8131,2
100,78,2
1000,666,2
10000,8093,2
100,82,2
1000,697,2
10000,8727,2
100,65,2
1000,704,2
10000,8291,2
100,64,2
1000,659,2
10000,7963,2
100,81,2
1000,687,2
10000,8419,2
100,88,2
1000,665,2
10000,8275,2
100,69,2
1000,688,2
10000,8276,2
100,80,2
1000,734,2
10000,8459,2
100,63,2
1000,670,2
10000,8238,2
100,66,2
1000,716,2
10000,8448,2
100,76,2
1000,723,2
10000,8498,2
100,84,2
1000,727,2
10000,9009,2
100,66,2
1000,663,2
10000,8055,2
100,84,2
1000,659,2
10000,7916,2
100,65,2
1000,690,2
10000,8536,2
100,62,2
1000,658,2
10000,7978,2
100,73,2
1000,697,2
10000,8361,2
100,77,2
1000,690,2
10000,8188,2
100,83,2
1000,706,2
10000,8416,2
100,78,2
1000,692,2
10000,8433,2
100,71,2
1000,678,2
10000,8170,2
100,83,2
1000,727,2
10000,8512,2
100,64,2
1000,659,2
10000,8053,2
100,65,2
1000,773,2
10000,8554,2
100,63,2
1000,672,2
10000,8337,2
100,68,2
1000,655,2
10000,8063,2
100,64,2
1000,657,2
10000,8171,2
100,191,2
1000,774,2
10000,8052,2
100,63,2
1000,667,2
10000,8413,2
100,96,2
1000,673,2
10000,8394,2
100,68,2
1000,663,2
10000,8622,2
100,63,2
1000,653,2
10000,7932,2
100,63,2
1000,655,2
10000,7968,2
100,65,2
1000,817,2
10000,8559,2
100,85,2
1000,703,2
10000,8383,2
100,63,2
1000,648,2
10000,7927,2
100,82,2
1000,673,2
10000,8167,2
100,89,2
1000,712,2
10000,8154,2
100,62,2
1000,657,2
10000,8079,2
100,63,2
1000,662,2
10000,8043,2
100,82,2
1000,696,2
10000,8462,2
100,62,2
1000,662,2
10000,7976,2
100,60,2
1000,665,2
10000,8012,2
100,74,2
1000,658,2
10000,7933,2
100,74,2
1000,690,2
10000,8109,2
100,62,2
1000,657,2
10000,8150,2
100,63,2
1000,662,2
10000,8104,2
100,62,2
1000,659,2
10000,8050,2
100,82,2
1000,682,2
10000,8326,2
100,66,2
1000,657,2
10000,8499,2
100,63,2
1000,680,2
10000,8490,2
100,61,2
1000,655,2
10000,8054,2
100,66,2
1000,665,2
10000,8027,2
100,62,2
1000,656,2
10000,7962,2
100,61,2
1000,654,2
10000,8262,2
100,64,2
1000,658,2
10000,8002,2
100,62,2
1000,655,2
10000,8132,2
100,63,2
1000,664,2
10000,8141,2
100,62,2
1000,642,2
10000,8029,2
100,78,2
1000,647,2
10000,7991,2
100,63,2
1000,653,2
10000,8087,2
100,63,2
1000,673,2
10000,8201,2
100,63,2
1000,656,2
10000,8056,2
100,61,2
1000,644,2
10000,7900,2
100,62,2
1000,655,2
10000,7965,2
100,63,2
1000,645,2
10000,7836,2
100,64,2
1000,647,2
10000,8057,2
100,63,2
1000,646,2
10000,7887,2
100,63,2
1000,657,2
10000,7973,2
100,62,2
1000,658,2
10000,8163,2
100,62,2
1000,656,2
10000,8087,2
100,96,2
1000,662,2
10000,7816,2
100,63,2
1000,646,2
10000,7935,2
100,65,2
1000,648,2
10000,7858,2
100,62,2
1000,661,2
10000,8055,2
100,93,2
1000,662,2
10000,8093,2
100,62,2
1000,649,2
10000,7880,2
100,61,2
1000,661,2
10000,8092,2
100,63,2
1000,655,2
10000,8152,2
100,63,2
1000,647,2
10000,7909,2
100,63,2
1000,658,2
10000,8284,2
100,63,2
1000,660,2
10000,7883,2
100,64,2
1000,681,2
10000,7922,2
100,60,2
1000,693,2
10000,7988,2
100,64,2
1000,669,2
10000,7961,2
100,63,2
1000,652,2
10000,7821,2
100,61,2
1000,660,2
10000,8005,2
100,62,2
1000,658,2
10000,8310,2
100,63,2
1000,662,2
10000,7947,2
100,62,2
1000,649,2
10000,7930,2
100,62,2
1000,652,2
10000,7977,2
100,61,2
1000,637,2
10000,7755,2
100,64,2
1000,659,2
10000,8260,2
100,64,2
1000,681,2
10000,7893,2
100,62,2
1000,673,2
10000,8026,2
100,62,2
1000,642,2
10000,7817,2
100,62,2
1000,655,2
10000,8193,2
100,61,2
1000,664,2
10000,8110,2
100,62,2
1000,651,2
10000,8366,2
100,64,2
1000,704,2
10000,8041,2
100,65,2
1000,716,2
10000,8282,2
100,63,2
1000,649,2
10000,7912,2
100,64,2
1000,658,2
10000,7990,2
100,63,2
1000,659,2
10000,8267,2
100,62,2
1000,649,2
10000,8168,2
100,70,2
1000,659,2
10000,7839,2
100,62,2
1000,660,2
10000,8046,2
100,61,2
1000,647,2
10000,7904,2
100,64,2
1000,655,2
10000,8186,2
100,62,2
1000,667,2
10000,8012,2
100,63,2
1000,651,2
10000,8087,2
100,62,2
1000,652,2
10000,8030,2
100,61,2
1000,661,2
10000,8085,2
100,63,2
1000,658,2
10000,8142,2
100,61,2
1000,665,2
10000,8196,2
100,63,2
1000,667,2
10000,8100,2
100,62,2
1000,682,2
10000,7935,2
100,61,2
1000,655,2
10000,8092,2
100,61,2
1000,657,2
10000,7835,2
100,63,2
1000,658,2
10000,8339,2
100,81,2
1000,672,2
10000,7935,2
100,62,2
1000,668,2
10000,8192,2
100,62,2
1000,659,2
10000,8097,2
100,62,2
1000,643,2
10000,8094,2
100,62,2
1000,687,2
10000,7856,2
100,62,2
1000,666,2
10000,8081,2
100,62,2
1000,658,2
10000,8059,2
100,62,2
1000,694,2
10000,7960,2
100,62,2
1000,677,2
10000,8058,2
100,63,2
1000,668,2
10000,8017,2
100,63,2
1000,697,2
10000,7956,2
100,63,2
1000,660,2
10000,8164,2
100,62,2
1000,660,2
10000,7975,2
100,62,2
1000,650,2
10000,7963,2
100,63,2
1000,661,2
10000,7957,2
100,62,2
1000,660,2
10000,8077,2
100,61,2
1000,662,2
10000,8071,2
100,63,2
1000,652,2
10000,7999,2
100,63,2
1000,661,2
10000,7969,2
100,62,2
1000,663,2
10000,7975,2
100,63,2
1000,667,2
10000,8053,2
100,61,2
1000,651,2
10000,7915,2
100,63,2
1000,662,2
10000,10479,2
100,61,2
1000,647,2
10000,8226,2
100,63,2
1000,666,2
10000,8017,2
100,63,2
1000,653,2
10000,8337,2
100,60,2
1000,662,2
10000,8184,2
100,62,2
1000,649,2
10000,7924,2
100,63,2
1000,665,2
10000,8082,2
100,63,2
1000,671,2
10000,8090,2
100,63,2
1000,659,2
10000,8268,2
100,63,2
1000,658,2
10000,8174,2
100,63,2
1000,718,2
10000,7957,2
100,62,2
1000,650,2
10000,8151,2
100,60,2
1000,648,2
10000,7934,2
100,65,2
1000,643,2
10000,8118,2
100,61,2
1000,652,2
10000,8035,2
100,63,2
1000,656,2
10000,8240,2
100,62,2
1000,657,2
10000,8080,2
100,61,2
1000,650,2
10000,7992,2
100,62,2
1000,655,2
10000,8162,2
100,62,2
1000,655,2
10000,8069,2
100,63,2
1000,655,2
10000,7956,2
100,62,2
1000,659,2
10000,8056,2
100,64,2
1000,723,2
10000,7993,2
100,63,2
1000,666,2
10000,8266,2
100,62,2
1000,659,2
10000,8226,2
100,61,2
1000,658,2
10000,8143,2
100,63,2
1000,658,2
10000,7949,2
100,62,2
1000,662,2
10000,7930,2
100,63,2
1000,657,2
10000,7919,2
100,62,2
1000,656,2
10000,8017,2
100,60,2
1000,651,2
10000,7938,2
100,64,2
1000,663,2
10000,7962,2
100,63,2
1000,650,2
10000,7965,2
100,61,2
1000,657,2
10000,8260,2
100,62,2
1000,654,2
10000,7988,2
100,63,2
1000,666,2
10000,8116,2
100,85,2
1000,678,2
10000,8086,2
100,68,2
1000,665,2
10000,8117,2
100,63,2
1000,660,2
10000,7848,2
100,63,2
1000,658,2
10000,8050,2
100,61,2
1000,662,2
10000,8334,2
100,61,2
1000,639,2
10000,8178,2
100,78,2
1000,660,2
10000,7989,2
100,63,2
1000,657,2
10000,8064,2
100,61,2
1000,658,2
10000,8215,2
100,62,2
1000,653,2
10000,7971,2
100,63,2
1000,660,2
10000,7976,2
100,62,2
1000,655,2
10000,7955,2
100,63,2
1000,652,2
10000,8133,2
100,84,2
1000,678,2
10000,8050,2
100,62,2
1000,651,2
10000,8061,2
100,60,2
1000,686,2
10000,7945,2
100,63,2
1000,666,2
10000,8051,2
100,62,2
1000,660,2
10000,7876,2
100,62,2
1000,661,2
10000,8142,2
100,63,2
1000,655,2
10000,8013,2
100,62,2
1000,657,2
10000,8010,2
100,62,2
1000,651,2
10000,8182,2
100,61,2
1000,657,2
10000,8116,2
100,62,2
1000,658,2
10000,8118,2
100,86,2
1000,660,2
10000,8009,2
100,64,2
1000,650,2
10000,8137,2
100,64,2
1000,683,2
10000,7968,2
100,63,2
1000,665,2
10000,8184,2
100,62,2
1000,648,2
10000,7922,2
100,63,2
1000,664,2
10000,8319,2
100,64,2
1000,661,2
10000,7921,2
100,62,2
1000,646,2
10000,7823,2
100,62,2
1000,653,2
10000,8224,2
100,62,2
1000,657,2
10000,8085,2
100,61,2
1000,657,2
10000,8077,2
100,61,2
1000,655,2
10000,7930,2
100,62,2
1000,657,2
10000,7957,2
100,62,2
1000,689,2
10000,7973,2
100,62,2
1000,657,2
10000,8168,2
100,62,2
1000,652,2
10000,7947,2
100,62,2
1000,659,2
10000,8139,2
100,61,2
1000,651,2
10000,8265,2
100,63,2
1000,665,2
10000,8185,2
100,61,2
1000,656,2
10000,8049,2
100,81,2
1000,677,2
10000,8350,2
100,61,2
1000,655,2
10000,7950,2
100,62,2
1000,655,2
10000,8116,2
100,62,2
1000,660,2
10000,8401,2
100,61,2
1000,649,2
10000,8176,2
100,63,2
1000,716,2
10000,7980,2
100,74,2
1000,649,2
10000,7838,2
100,61,2
1000,663,2
10000,7974,2
100,63,2
1000,653,2
10000,7998,2
100,77,2
1000,693,2
10000,8051,2
100,63,2
1000,668,2
10000,8023,2
100,78,2
1000,710,2
10000,8153,2
100,76,2
1000,682,2
10000,8292,2
100,78,2
1000,713,2
10000,8720,2
100,64,2
1000,702,2
10000,8486,2
100,77,2
1000,676,2
10000,8064,2
100,65,2
1000,691,2
10000,8364,2
100,86,2
1000,732,2
10000,8037,2
100,61,2
1000,662,2
10000,8468,2
100,63,2
1000,663,2
10000,8273,2
100,63,2
1000,661,2
10000,7974,2
100,71,2
1000,679,2
10000,8428,2
100,79,2
1000,665,2
10000,8049,2
100,68,2
1000,655,2
10000,8209,2
100,72,2
1000,650,2
10000,8423,2
100,63,2
1000,652,2
10000,7908,2
100,63,2
1000,656,2
10000,8062,2
100,61,2
1000,666,2
10000,8175,2
100,64,2
1000,676,2
10000,7985,2
100,61,2
1000,657,2
10000,8024,2
100,85,2
1000,713,2
10000,8253,2
100,73,2
1000,667,2
10000,8228,2
100,62,2
1000,667,2
10000,8196,2
100,63,2
1000,656,2
10000,8057,2
100,62,2
1000,646,2
10000,7936,2
100,61,2
1000,665,2
10000,7939,2
100,62,2
1000,647,2
10000,8037,2
100,63,2
1000,652,2
10000,8080,2
100,67,2
1000,662,2
10000,7996,2
100,62,2
1000,666,2
10000,8411,2
100,61,2
1000,656,2
10000,8115,2
100,63,2
1000,656,2
10000,8036,2
100,62,2
1000,655,2
10000,7951,2
100,67,2
1000,697,2
10000,8542,2
100,65,2
1000,677,2
10000,8458,2
100,66,2
1000,706,2
10000,8597,2
100,63,2
1000,651,2
10000,7939,2
100,62,2
1000,660,2
10000,8112,2
100,69,2
1000,718,2
10000,8521,2
100,63,2
1000,769,2
10000,8668,2
100,65,2
1000,711,2
10000,8472,2
100,67,2
1000,737,2
10000,8477,2
100,65,2
1000,678,2
10000,8071,2
100,93,2
1000,715,2
10000,7966,2
100,80,2
1000,656,2
10000,8335,2
100,66,2
1000,679,2
10000,8253,2
100,65,2
1000,668,2
10000,8443,2
100,66,2
1000,754,2
10000,8668,2
100,66,2
1000,693,2
10000,8359,2
100,80,2
1000,744,2
10000,11220,2
100,73,2
1000,677,2
10000,8466,2
100,63,2
1000,659,2
10000,8105,2
100,81,2
1000,683,2
10000,8777,2
100,68,2
1000,711,2
10000,8532,2
100,83,2
1000,681,2
10000,8295,2
100,66,2
1000,721,2
10000,8545,2
100,83,2
1000,671,2
10000,8407,2
100,139,2
1000,1352,2
10000,8574,2
100,65,2
1000,688,2
10000,8463,2
100,84,2
1000,727,2
10000,8589,2
100,91,2
1000,684,2
10000,8547,2
100,106,2
1000,690,2
10000,9018,2
100,74,2
1000,676,2
10000,8112,2
100,66,2
1000,701,2
10000,8367,2
100,72,2
1000,674,2
10000,8570,2
100,66,2
1000,690,2
10000,8559,2
100,64,2
1000,708,2
10000,10855,2
100,68,2
1000,716,2
10000,8660,2
100,74,2
1000,704,2
10000,8261,2
100,66,2
1000,694,2
10000,8935,2
100,65,2
1000,689,2
10000,8295,2
100,63,2
1000,701,2
10000,8370,2
100,96,2
1000,726,2
10000,14394,2
100,64,2
1000,728,2
10000,8336,2
100,80,2
1000,680,2
10000,8221,2
100,86,2
1000,722,2
10000,8359,2
100,95,2
1000,691,2
10000,8315,2
100,66,2
1000,707,2
10000,8320,2
100,69,2
1000,670,2
10000,8578,2
100,66,2
1000,702,2
10000,8613,2
100,65,2
1000,687,2
10000,8213,2
100,77,2
1000,679,2
10000,8230,2
100,79,2
1000,700,2
10000,8386,2
100,61,2
1000,659,2
10000,8366,2
100,64,2
1000,694,2
10000,8211,2
100,72,2
1000,661,2
10000,9093,2
100,63,2
1000,663,2
10000,8190,2
100,105,2
1000,719,2
10000,8051,2
100,63,2
1000,727,2
10000,8087,2
100,63,2
1000,666,2
10000,8179,2
100,63,2
1000,669,2
10000,8408,2
100,63,2
1000,650,2
10000,8288,2
100,62,2
1000,655,2
10000,7932,2
100,70,2
1000,662,2
10000,8594,2
100,65,2
1000,704,2
10000,8160,2
100,61,2
1000,653,2
10000,8248,2
100,63,2
1000,655,2
10000,8740,2
100,64,2
1000,656,2
10000,7958,2
100,62,2
1000,664,2
10000,8212,2
100,62,2
1000,649,2
10000,8259,2
100,62,2
1000,652,2
10000,8265,2
100,62,2
1000,653,2
10000,8208,2
100,64,2
1000,647,2
10000,8223,2
100,62,2
1000,652,2
10000,8417,2
100,80,2
1000,660,2
10000,7963,2
100,109,2
1000,839,2
10000,11945,2
100,66,2
1000,702,2
10000,9188,2
100,67,2
1000,722,2
10000,8620,2
100,71,2
1000,689,2
10000,8348,2
100,65,2
1000,705,2
10000,8450,2
100,67,2
1000,701,2
10000,8645,2
100,70,2
1000,687,2
10000,8290,2
100,66,2
1000,684,2
10000,8427,2
100,66,2
1000,704,2
10000,8873,2
100,86,2
1000,706,2
10000,8618,2
100,68,2
1000,694,2
10000,8554,2
100,74,2
1000,723,2
10000,8537,2
100,68,2
1000,825,2
10000,9381,2
100,85,2
1000,681,2
10000,8770,2
100,106,2
1000,719,2
10000,8552,2
100,76,2
1000,713,2
10000,8311,2
100,86,2
1000,756,2
10000,8850,2
100,69,2
1000,708,2
10000,8556,2
100,75,2
1000,710,2
10000,8686,2
100,66,2
1000,697,2
10000,8565,2
100,97,2
1000,721,2
10000,8656,2
100,66,2
1000,719,2
10000,8634,2
100,67,2
1000,729,2
10000,9997,2
100,96,2
1000,716,2
10000,8522,2
100,67,2
1000,727,2
10000,8535,2
100,72,2
1000,682,2
10000,8330,2
100,66,2
1000,702,2
10000,8677,2
100,76,2
1000,787,2
10000,9125,2
100,65,2
1000,717,2
10000,8627,2
100,68,2
1000,721,2
10000,8429,2
100,76,2
1000,682,2
10000,8334,2
100,64,2
1000,673,2
10000,7991,2
100,68,2
1000,694,2
10000,8441,2
100,64,2
1000,664,2
10000,8259,2
100,74,2
1000,701,2
10000,8419,2
100,78,2
1000,744,2
10000,8722,2
100,73,2
1000,676,2
10000,8357,2
100,77,2
1000,651,2
10000,9719,2
100,73,2
1000,673,2
10000,8443,2
100,64,2
1000,675,2
10000,8159,2
100,112,2
1000,669,2
10000,8369,2
100,66,2
1000,705,2
10000,8477,2
100,78,2
1000,655,2
10000,8177,2
100,72,2
1000,682,2
10000,8383,2
100,71,2
1000,682,2
10000,8200,2
100,71,2
1000,664,2
10000,8181,2
100,83,2
1000,665,2
10000,8109,2
100,64,2
1000,678,2
10000,8522,2
100,103,2
1000,1034,2
10000,8624,2
100,105,2
1000,660,2
10000,8105,2
100,62,2
1000,728,2
10000,7916,2
100,61,2
1000,651,2
10000,8110,2
100,63,2
1000,652,2
10000,7925,2
100,64,2
1000,661,2
10000,8165,2
100,62,2
1000,663,2
10000,8023,2
100,71,2
1000,686,2
10000,8586,2
100,68,2
1000,731,2
10000,10200,2
100,104,2
1000,780,2
10000,7933,2
100,61,2
1000,659,2
10000,8393,2
100,62,2
1000,670,2
10000,8149,2
100,85,2
1000,648,2
10000,8509,2
100,61,2
1000,654,2
10000,8075,2
100,62,2
1000,657,2
10000,8296,2
100,62,2
1000,658,2
10000,7966,2
100,67,2
1000,669,2
10000,8019,2
100,61,2
1000,659,2
10000,7982,2
100,64,2
1000,656,2
10000,8376,2
100,63,2
1000,645,2
10000,7836,2
100,64,2
1000,673,2
10000,8198,2
100,61,2
1000,652,2
10000,8283,2
100,63,2
1000,661,2
10000,8031,2
100,63,2
1000,659,2
10000,8131,2
100,61,2
1000,697,2
10000,7948,2
100,62,2
1000,658,2
10000,8072,2
100,62,2
1000,658,2
10000,8196,2
100,61,2
1000,657,2
10000,8026,2
100,62,2
1000,655,2
10000,8020,2
100,61,2
1000,656,2
10000,8120,2
100,65,2
1000,656,2
10000,8007,2
100,62,2
1000,661,2
10000,8262,2
100,64,2
1000,665,2
10000,8366,2
100,77,2
1000,657,2
10000,8123,2
100,81,2
1000,690,2
10000,8096,2
100,63,2
1000,662,2
10000,8295,2
100,62,2
1000,679,2
10000,8164,2
100,64,2
1000,665,2
10000,8016,2
100,63,2
1000,652,2
10000,8012,2
100,86,2
1000,675,2
10000,8221,2
100,71,2
1000,688,2
10000,8483,2
100,82,2
1000,682,2
10000,8600,2
100,68,2
1000,671,2
10000,8290,2
100,85,2
1000,664,2
10000,8261,2
100,63,2
1000,648,2
10000,8065,2
100,63,2
1000,665,2
10000,7963,2
100,63,2
1000,662,2
10000,8099,2
100,63,2
1000,659,2
10000,7931,2
100,63,2
1000,670,2
10000,8047,2
100,66,2
1000,653,2
10000,8306,2
100,77,2
1000,682,2
10000,8157,2
100,104,2
1000,686,2
10000,8219,2
100,64,2
1000,669,2
10000,7979,2
100,63,2
1000,654,2
10000,8000,2
100,62,2
1000,655,2
10000,8224,2
100,62,2
1000,657,2
10000,8068,2
100,85,2
1000,780,2
10000,8671,2
100,63,2
1000,662,2
10000,8331,2
100,82,2
1000,655,2
10000,8212,2
100,63,2
1000,657,2
10000,8177,2
100,62,2
1000,660,2
10000,8262,2
100,75,2
1000,740,2
10000,10136,2
100,69,2
1000,649,2
10000,7992,2
100,62,2
1000,662,2
10000,7974,2
100,61,2
1000,706,2
10000,7958,2
100,72,2
1000,662,2
10000,8327,2
100,96,2
1000,684,2
10000,8348,2
100,65,2
1000,690,2
10000,8226,2
100,68,2
1000,655,2
10000,8035,2
100,61,2
1000,666,2
10000,8341,2
100,65,2
1000,703,2
10000,8200,2
100,83,2
1000,694,2
10000,8314,2
100,62,2
1000,662,2
10000,8175,2
100,62,2
1000,658,2
10000,8029,2
100,64,2
1000,657,2
10000,7988,2
100,61,2
1000,659,2
10000,7981,2
100,62,2
1000,668,2
10000,7973,2
100,61,2
1000,657,2
10000,7986,2
100,73,2
1000,669,2
10000,8340,2
100,62,2
1000,689,2
10000,8042,2
100,81,2
1000,664,2
10000,8181,2
100,85,2
1000,696,2
10000,8194,2
100,61,2
1000,673,2
10000,8211,2
100,93,2
1000,697,2
10000,8414,2
100,99,2
1000,740,2
10000,8614,2
100,61,2
1000,666,2
10000,7971,2
100,65,2
1000,709,2
10000,8682,2
100,80,2
1000,657,2
10000,8548,2
100,65,2
1000,660,2
10000,7949,2
100,78,2
1000,686,2
10000,8354,2
100,63,2
1000,649,2
10000,8023,2
100,62,2
1000,658,2
10000,7966,2
100,85,2
1000,660,2
10000,8050,2
100,81,2
1000,698,2
10000,8251,2
100,61,2
1000,653,2
10000,8009,2
100,66,2
1000,644,2
10000,8190,2
100,92,2
1000,732,2
10000,8043,2
100,61,2
1000,655,2
10000,8301,2
100,62,2
1000,650,2
10000,8271,2
100,61,2
1000,644,2
10000,8271,2
100,62,2
1000,654,2
10000,8024,2
100,62,2
1000,649,2
10000,8444,2
100,63,2
1000,655,2
10000,8346,2
100,63,2
1000,655,2
10000,8030,2
100,61,2
1000,660,2
10000,9991,2
100,63,2
1000,657,2
10000,8024,2
100,62,2
1000,650,2
10000,7933,2
100,61,2
1000,646,2
10000,8099,2
100,68,2
1000,646,2
10000,8154,2
100,62,2
1000,661,2
10000,7971,2
100,64,2
1000,656,2
10000,8057,2
100,61,2
1000,654,2
10000,8023,2
100,62,2
1000,652,2
10000,7987,2
100,62,2
1000,672,2
10000,8123,2
100,61,2
1000,657,2
10000,8046,2
100,63,2
1000,661,2
10000,8196,2
100,62,2
1000,670,2
10000,8252,2
100,62,2
1000,659,2
10000,8027,2
100,62,2
1000,671,2
10000,8278,2
100,67,2
1000,649,2
10000,7938,2
100,63,2
1000,654,2
10000,8088,2
100,122,2
1000,1353,2
10000,12842,2
100,104,2
1000,703,2
10000,11000,2
100,66,2
1000,698,2
10000,8422,2
100,78,2
1000,693,2
10000,8685,2
100,86,2
1000,696,2
10000,8444,2
100,64,2
1000,698,2
10000,8557,2
100,70,2
1000,705,2
10000,9779,2
100,78,2
1000,653,2
10000,8076,2
100,63,2
1000,653,2
10000,8310,2
100,62,2
1000,650,2
10000,7982,2
100,84,2
1000,694,2
10000,8281,2
100,78,2
1000,653,2
10000,7998,2
100,61,2
1000,651,2
10000,8211,2
100,61,2
1000,658,2
10000,7960,2
100,63,2
1000,655,2
10000,8037,2
100,70,2
1000,669,2
10000,8005,2
100,81,2
1000,693,2
10000,7918,2
100,63,2
1000,650,2
10000,8096,2
100,65,2
1000,663,2
10000,7997,2
100,61,2
1000,650,2
10000,7988,2
100,63,2
1000,655,2
10000,7991,2
100,62,2
1000,659,2
10000,8305,2
100,62,2
1000,657,2
10000,8315,2
100,87,2
1000,654,2
10000,8055,2
100,62,2
1000,649,2
10000,8058,2
100,69,2
1000,653,2
10000,8042,2
100,60,2
1000,645,2
10000,7906,2
100,63,2
1000,657,2
10000,8091,2
100,63,2
1000,660,2
10000,8119,2
100,62,2
1000,658,2
10000,7968,2
100,62,2
1000,665,2
10000,8204,2
100,62,2
1000,651,2
10000,7941,2
100,62,2
1000,650,2
10000,7987,2
100,63,2
1000,661,2
10000,8183,2
100,62,2
1000,656,2
10000,8089,2
100,63,2
1000,653,2
10000,8104,2
100,64,2
1000,664,2
10000,8113,2
100,86,2
1000,649,2
10000,7943,2
100,62,2
1000,648,2
10000,7927,2
100,62,2
1000,662,2
10000,8059,2
100,62,2
1000,659,2
10000,8067,2
100,61,2
1000,651,2
10000,8103,2
100,62,2
1000,669,2
10000,8033,2
100,62,2
1000,656,2
10000,8092,2
100,61,2
1000,658,2
10000,8009,2
100,110,2
1000,662,2
10000,8044,2
100,62,2
1000,653,2
10000,8063,2
100,62,2
1000,654,2
10000,7927,2
100,61,2
1000,656,2
10000,8139,2
100,62,2
1000,642,2
10000,7851,2
100,63,2
1000,657,2
10000,8193,2
100,63,2
1000,657,2
10000,7899,2
100,62,2
1000,667,2
10000,8044,2
100,63,2
1000,655,2
10000,8156,2
100,63,2
1000,652,2
10000,7897,2
100,62,2
1000,732,2
10000,7990,2
100,79,2
1000,673,2
10000,8012,2
100,63,2
1000,660,2
10000,8233,2
100,62,2
1000,657,2
10000,8165,2
100,61,2
1000,649,2
10000,8056,2
100,63,2
1000,661,2
10000,8234,2
100,62,2
1000,655,2
10000,8048,2
100,62,2
1000,649,2
10000,7927,2
100,64,2
1000,653,2
10000,8026,2
100,62,2
1000,650,2
10000,7913,2
100,62,2
1000,657,2
10000,8292,2
100,62,2
1000,648,2
10000,7933,2
100,62,2
1000,656,2
10000,8303,2
100,62,2
1000,658,2
10000,8136,2
100,61,2
1000,650,2
10000,7950,2
100,63,2
1000,663,2
10000,7984,2
100,63,2
1000,649,2
10000,8169,2
100,62,2
1000,651,2
10000,7975,2
100,61,2
1000,671,2
10000,7966,2
100,61,2
1000,664,2
10000,8035,2
100,63,2
1000,663,2
10000,7867,2
100,61,2
1000,658,2
10000,8062,2
100,61,2
1000,652,2
10000,7940,2
100,63,2
1000,661,2
10000,8189,2
100,62,2
1000,658,2
10000,8111,2
100,61,2
1000,660,2
10000,7969,2
100,62,2
1000,658,2
10000,8117,2
100,62,2
1000,654,2
10000,8051,2
100,61,2
1000,650,2
10000,7975,2
100,61,2
1000,653,2
10000,8057,2
100,62,2
1000,667,2
10000,8147,2
100,63,2
1000,666,2
10000,8159,2
100,61,2
1000,686,2
10000,8053,2
100,61,2
1000,655,2
10000,8286,2
100,61,2
1000,652,2
10000,7988,2
100,63,2
1000,655,2
10000,7986,2
100,63,2
1000,650,2
10000,8265,2
100,63,2
1000,647,2
10000,7911,2
100,62,2
1000,658,2
10000,8246,2
100,61,2
1000,656,2
10000,8073,2
100,62,2
1000,652,2
10000,8069,2
100,66,2
1000,699,2
10000,8509,2
100,61,2
1000,657,2
10000,8001,2
100,70,2
1000,691,2
10000,8605,2
100,62,2
1000,656,2
10000,8047,2
100,62,2
1000,650,2
10000,8013,2
100,62,2
1000,654,2
10000,7886,2
100,62,2
1000,650,2
10000,7978,2
100,63,2
1000,656,2
10000,7939,2
100,64,2
1000,661,2
10000,8985,2
100,62,2
1000,653,2
10000,7938,2
100,63,2
1000,664,2
10000,8016,2
100,62,2
1000,649,2
10000,7968,2
100,65,2
1000,657,2
10000,7944,2
100,63,2
1000,656,2
10000,8155,2
100,68,2
1000,657,2
10000,8088,2
100,63,2
1000,671,2
10000,7992,2
100,62,2
1000,658,2
10000,8327,2
100,64,2
1000,684,2
10000,8277,2
100,79,2
1000,665,2
10000,8378,2
100,91,2
1000,665,2
10000,8361,2
100,78,2
1000,698,2
10000,8551,2
100,62,2
1000,657,2
10000,8144,2
100,63,2
1000,655,2
10000,7936,2
100,62,2
1000,657,2
10000,8493,2
100,62,2
1000,653,2
10000,8024,2
100,62,2
1000,658,2
10000,8244,2
100,66,2
1000,659,2
10000,7920,2
100,61,2
1000,656,2
10000,8057,2
100,61,2
1000,644,2
10000,7907,2
100,61,2
1000,646,2
10000,7922,2
100,64,2
1000,657,2
10000,8145,2
100,61,2
1000,654,2
10000,8113,2
100,64,2
1000,655,2
10000,7955,2
100,63,2
1000,656,2
10000,7950,2
100,62,2
1000,651,2
10000,8108,2
100,61,2
1000,652,2
10000,8000,2
100,62,2
1000,661,2
10000,8281,2
100,63,2
1000,657,2
10000,8036,2
100,60,2
1000,643,2
10000,8029,2
100,62,2
1000,655,2
10000,8187,2
100,63,2
1000,690,2
10000,7974,2
100,62,2
1000,655,2
10000,8058,2
100,63,2
1000,655,2
10000,8048,2
100,64,2
1000,661,2
10000,8042,2
100,64,2
1000,652,2
10000,8453,2
100,67,2
1000,654,2
10000,8058,2
100,78,2
1000,655,2
10000,7929,2
100,63,2
1000,648,2
10000,8170,2
100,62,2
1000,656,2
10000,8043,2
100,63,2
1000,657,2
10000,9477,2
100,63,2
1000,652,2
10000,8050,2
100,63,2
1000,667,2
10000,8050,2
100,63,2
1000,657,2
10000,7941,2
100,62,2
1000,665,2
10000,7979,2
100,63,2
1000,659,2
10000,8118,2
100,63,2
1000,656,2
10000,8505,2
100,63,2
1000,658,2
10000,8123,2
100,61,2
1000,651,2
10000,7961,2
100,63,2
1000,649,2
10000,8244,2
100,62,2
1000,658,2
10000,7954,2
100,62,2
1000,684,2
10000,8094,2
100,80,2
1000,657,2
10000,7995,2
100,61,2
1000,647,2
10000,7799,2
100,63,2
1000,654,2
10000,8000,2
100,61,2
1000,658,2
10000,7981,2
100,62,2
1000,653,2
10000,7949,2
100,61,2
1000,652,2
10000,8017,2
100,62,2
1000,652,2
10000,7939,2
100,62,2
1000,659,2
10000,8337,2
100,62,2
1000,654,2
10000,7962,2
100,61,2
1000,662,2
10000,8415,2
100,61,2
1000,655,2
10000,8158,2
100,63,2
1000,728,2
10000,7963,2
100,63,2
1000,660,2
10000,8295,2
100,64,2
1000,673,2
10000,8022,2
100,64,2
1000,659,2
10000,8124,2
100,62,2
1000,654,2
10000,8078,2
100,63,2
1000,653,2
10000,8032,2
100,62,2
1000,676,2
10000,8037,2
100,63,2
1000,654,2
10000,8079,2
100,62,2
1000,654,2
10000,8201,2
100,62,2
1000,658,2
10000,8005,2
100,60,2
1000,647,2
10000,8219,2
100,61,2
1000,665,2
10000,8008,2
100,63,2
1000,656,2
10000,8078,2
100,61,2
1000,654,2
10000,8049,2
100,62,2
1000,657,2
10000,8231,2
100,64,2
1000,659,2
10000,10253,2
100,61,2
1000,652,2
10000,7941,2
100,62,2
1000,661,2
10000,7982,2
100,63,2
1000,659,2
10000,8111,2
100,84,2
1000,675,2
10000,8018,2
100,61,2
1000,673,2
10000,8655,2
100,65,2
1000,664,2
10000,8068,2
100,62,2
1000,650,2
10000,8142,2
100,62,2
1000,651,2
10000,7985,2
100,64,2
1000,662,2
10000,8014,2
100,63,2
1000,654,2
10000,7986,2
100,63,2
1000,649,2
10000,7967,2
100,62,2
1000,650,2
10000,7855,2
100,62,2
1000,650,2
10000,7998,2
100,62,2
1000,651,2
10000,7988,2
100,62,2
1000,652,2
10000,7988,2
100,61,2
1000,649,2
10000,7924,2
100,63,2
1000,652,2
10000,8016,2
100,61,2
1000,647,2
10000,7863,2
100,61,2
1000,654,2
10000,8279,2
100,67,2
1000,654,2
10000,7976,2
100,63,2
1000,660,2
10000,8012,2
100,62,2
1000,661,2
10000,8027,2
100,62,2
1000,652,2
10000,8004,2
100,63,2
1000,660,2
10000,7966,2
100,62,2
1000,655,2
10000,7989,2
100,62,2
1000,653,2
10000,8016,2
100,61,2
1000,650,2
10000,8229,2
100,62,2
1000,655,2
10000,7956,2
100,63,2
1000,688,2
10000,7989,2
100,62,2
1000,666,2
10000,8078,2
100,69,2
1000,646,2
10000,8092,2
100,63,2
1000,650,2
10000,8015,2
100,63,2
1000,655,2
10000,8178,2
100,62,2
1000,651,2
10000,8048,2
100,63,2
1000,659,2
10000,8117,2
100,62,2
1000,649,2
10000,8061,2
100,63,2
1000,655,2
10000,8057,2
100,62,2
1000,652,2
10000,7960,2
100,61,2
1000,651,2
10000,8189,2
100,62,2
1000,652,2
10000,8030,2
100,62,2
1000,654,2
10000,8019,2
100,60,2
1000,649,2
10000,7971,2
100,62,2
1000,658,2
10000,7928,2
100,63,2
1000,659,2
10000,8078,2
100,63,2
1000,664,2
10000,8064,2
100,63,2
1000,661,2
10000,8004,2
100,63,2
1000,656,2
10000,7976,2
100,105,2
1000,651,2
10000,8126,2
100,61,2
1000,653,2
10000,8387,2
100,62,2
1000,657,2
10000,8167,2
100,62,2
1000,648,2
10000,7940,2
100,62,2
1000,651,2
10000,8264,2
100,62,2
1000,662,2
10000,8125,2
100,63,2
1000,659,2
10000,8111,2
100,63,2
1000,658,2
10000,7901,2
100,62,2
1000,651,2
10000,8914,2
100,61,2
1000,648,2
10000,7906,2
100,62,2
1000,663,2
10000,8291,2
100,62,2
1000,659,2
10000,8052,2
100,75,2
1000,648,2
10000,8074,2
100,68,2
1000,655,2
10000,7867,2
100,62,2
1000,658,2
10000,8198,2
100,61,2
1000,655,2
10000,8050,2
100,62,2
1000,651,2
10000,8163,2
100,63,2
1000,657,2
10000,8234,2
100,61,2
1000,650,2
10000,7916,2
100,61,2
1000,657,2
10000,8171,2
100,62,2
1000,648,2
10000,7907,2
100,62,2
1000,657,2
10000,7947,2
100,61,2
1000,651,2
10000,8117,2
100,62,2
1000,652,2
10000,8214,2
100,62,2
1000,659,2
10000,8056,2
100,63,2
1000,666,2
10000,8220,2
100,62,2
1000,660,2
10000,7891,2
100,62,2
1000,655,2
10000,8022,2
100,63,2
1000,659,2
10000,8221,2
100,62,2
1000,670,2
10000,8017,2
100,62,2
1000,649,2
10000,7920,2
100,61,2
1000,677,2
10000,7932,2
100,62,2
1000,654,2
10000,8179,2
100,61,2
1000,653,2
10000,7889,2
100,63,2
1000,659,2
10000,8059,2
100,62,2
1000,660,2
10000,8123,2
100,64,2
1000,654,2
10000,8145,2
100,63,2
1000,649,2
10000,7989,2
100,63,2
1000,657,2
10000,7972,2
100,62,2
1000,678,2
10000,8021,2
100,61,2
1000,658,2
10000,9732,2
100,63,2
1000,662,2
10000,8013,2
